pair_id,layer,R_mean,R_median,T_mean,T_median,B_mean,B_median,G_mean,G_median,M_mean,M_median,n_samples,G_positive_count,G_positive_pct,M_positive_count,M_positive_pct,total_pair_samples,coverage_pct
pair_00,0,0.8463035747408867,0.8625776767730713,0.12424760521389538,0.11267333477735514,0.13604045426473016,0.1168365143239498,-0.011792849050834787,-0.005331695079803453,-0.7220559695269912,-0.7480858080089092,16,2,12.5,0,0.0,16,100.0
pair_00,1,0.8056812845170498,0.8178718686103821,0.17153609311208123,0.149170346558094,0.21499461866915223,0.19436401128768915,-0.04345852555707098,-0.04299264401197436,-0.6341451914049685,-0.6455365046858788,16,0,0.0,0,0.0,16,100.0
pair_00,2,0.7615426816046238,0.7679330408573151,0.21204719319939608,0.19867310672998426,0.2656769258901477,0.25797460973262787,-0.05362973269075157,-0.05412373691797265,-0.5494954884052277,-0.5503048524260521,16,0,0.0,0,0.0,16,100.0
pair_00,3,0.7142517827451229,0.7089461386203766,0.21967508643865583,0.20994330197572705,0.3176552290096879,0.3126562386751175,-0.09798014257103206,-0.1077701821923256,-0.49457669630646706,-0.4864131212234497,16,0,0.0,0,0.0,16,100.0
pair_00,4,0.6970135271549225,0.6728366613388062,0.2764380779117346,0.2739567458629608,0.3367617912590503,0.3311727792024612,-0.06032371334731576,-0.06360651552677149,-0.4205754492431879,-0.4058816581964493,16,0,0.0,0,0.0,16,100.0
pair_00,5,0.6551739722490311,0.6233797371387482,0.26756350230425596,0.26672989130020136,0.3166573606431484,0.3035385757684707,-0.04909385833889245,-0.04697486758232117,-0.3876104699447751,-0.3659321516752243,16,0,0.0,0,0.0,16,100.0
pair_00,6,0.6260327361524105,0.595203310251236,0.2522742738947272,0.25120060145854944,0.30232872255146503,0.29125289618968964,-0.05005444865673782,-0.04493825137615204,-0.37375846225768333,-0.3549661934375763,16,0,0.0,0,0.0,16,100.0
pair_00,7,0.607161957770586,0.581232488155365,0.2625915799289942,0.2618270069360733,0.28672931529581547,0.27404116094112396,-0.024137735366821296,-0.020577147603035,-0.34457037784159184,-0.33080172538757324,16,2,12.5,0,0.0,16,100.0
pair_00,8,0.5693532060831785,0.5468911826610565,0.2386442739516496,0.2365799322724342,0.2540244981646537,0.2442005351185798,-0.015380224213004116,-0.009946040809154497,-0.3307089321315289,-0.3197993189096452,16,4,25.0,0,0.0,16,100.0
pair_00,9,0.5318037215620279,0.5152010023593903,0.22492330428212878,0.22341976314783096,0.22891927696764466,0.21849162131547925,-0.0039959726855158875,-0.0002770498394966542,-0.3068804172798991,-0.2974148914217949,16,7,43.75,0,0.0,16,100.0
pair_00,10,0.46901380456984043,0.4582042694091797,0.2109745098277926,0.20790271461009974,0.20200292021036143,0.19073367118835444,0.008971589617431166,0.010101266205310794,-0.2580392947420478,-0.249055914580822,16,11,68.75,0,0.0,16,100.0
pair_00,11,0.41515602730214596,0.40624798834323883,0.20465680118650195,0.1954370513558387,0.1721626706421375,0.15905765444040296,0.03249413054436444,0.03175537288188929,-0.210499226115644,-0.20248697698116305,16,15,93.75,0,0.0,16,100.0
pair_00,12,0.32133570127189154,0.30517740547657013,0.20568451471626756,0.1684601902961731,0.12452692864462729,0.10595631599426264,0.08115758607164025,0.062215100973844494,-0.11565118655562401,-0.11305178701877594,16,15,93.75,1,6.25,16,100.0
pair_00,13,0.18663386674597854,0.15238875895738596,0.2344669145531952,0.12176114320755001,0.06463066372089082,0.03868056833744045,0.16983625083230436,0.08535853959619999,0.047833047807216644,-0.0265108272433281,16,16,100.0,5,31.25,16,100.0
pair_00,14,0.1726355943828821,0.1418305486440658,0.2637681690976023,0.15983045101165766,0.06242951657623048,0.03805229440331455,0.20133865252137184,0.12445688620209688,0.09113257471472025,0.014491617679595947,16,16,100.0,10,62.5,16,100.0
pair_00,15,0.1606679488904774,0.13538229465484614,0.2910611708648502,0.21039126813411707,0.0566097487462684,0.033143244683742454,0.23445142211858183,0.1771038761362433,0.13039322197437286,0.05741017684340475,16,16,100.0,11,68.75,16,100.0
pair_00,16,0.15919887553900477,0.1344553083181381,0.3380372505635023,0.2749264985322952,0.061493872897699434,0.037695825099945054,0.27654337766580284,0.22580992802977568,0.1788383750244975,0.11128707602620125,16,16,100.0,16,100.0,16,100.0
pair_00,17,0.168742932844907,0.14799866825342176,0.40417503006756306,0.35971207916736603,0.06959604751318689,0.04843702353537074,0.3345789825543761,0.28200074657797813,0.235432097222656,0.17275509238243097,16,16,100.0,16,100.0,16,100.0
pair_00,18,0.18219375051558015,0.164992444217205,0.4428123254328966,0.4116600900888443,0.08163130003958936,0.061713820323348004,0.3611810253933072,0.3154276516288519,0.26061857491731644,0.20496667921543124,16,16,100.0,16,100.0,16,100.0
pair_00,19,0.204963699914515,0.1862683519721031,0.5118682011961937,0.49695885181427,0.10511405253782863,0.08704411238431925,0.40675414865836507,0.3668789453804493,0.3069045012816787,0.2627386003732681,16,16,100.0,16,100.0,16,100.0
pair_00,20,0.2426859140396118,0.2383640557527542,0.6347897984087467,0.6239657700061798,0.15395074337720868,0.14044452458620071,0.480839055031538,0.4506933279335499,0.3921038843691349,0.35648659616708755,16,16,100.0,16,100.0,16,100.0
pair_00,21,0.34573635365813965,0.34500060975551605,0.8871874026954174,0.8833094835281372,0.302763095125556,0.2948414385318756,0.5844243075698614,0.5798052251338959,0.5414510490372777,0.5341800302267075,16,16,100.0,16,100.0,16,100.0
pair_00,22,0.33087133057415485,0.3319092243909836,0.8699651211500168,0.8660105168819427,0.28530082106590265,0.27823504805564875,0.5846643000841141,0.5754312723875046,0.5390937905758619,0.5241172462701797,16,16,100.0,16,100.0,16,100.0
pair_00,23,0.3428415395319462,0.3408122062683105,0.8706358447670937,0.8637274503707886,0.29599771834909916,0.2866828739643097,0.5746381264179945,0.5658118724822998,0.5277943052351475,0.5102883577346802,16,16,100.0,16,100.0,16,100.0
pair_00,24,0.41456702537834644,0.4108459949493408,0.874645471572876,0.8689709305763245,0.36850433610379696,0.36354987323284144,0.506141135469079,0.497002974152565,0.46007844619452953,0.4487683773040772,16,16,100.0,16,100.0,16,100.0
pair_01,0,0.8923280909657478,0.8956986963748932,0.09219807625049725,0.12824240699410436,0.0963339595182333,0.13146061450242996,-0.00413588326773605,-0.0014627724885939997,-0.8001300147152506,-0.7768299877643585,16,8,50.0,0,0.0,16,100.0
pair_01,1,0.8540579192340374,0.8419546782970428,0.14014749228954312,0.1494425609707832,0.16269890498369927,0.16187363117933268,-0.022551412694156156,-0.021903559565544087,-0.7139104269444942,-0.7255110293626785,16,0,0.0,0,0.0,16,100.0
pair_01,2,0.817512508481741,0.8012968897819519,0.19849969586357472,0.20119064301252365,0.2268908973783254,0.2232892513275146,-0.028391201514750698,-0.0246153026819229,-0.6190128126181662,-0.627815954387188,16,1,6.25,0,0.0,16,100.0
pair_01,3,0.7706849910318851,0.7605132758617401,0.21865964960306877,0.22107787430286402,0.26863302104175085,0.26746703684329987,-0.04997337143868209,-0.05188530683517456,-0.5520253414288163,-0.5366193056106567,16,0,0.0,0,0.0,16,100.0
pair_01,4,0.7549570985138416,0.7488979697227478,0.2896335031837225,0.2929677516222,0.30703769624233246,0.3056671470403671,-0.017404193058609956,-0.013383552432060214,-0.46532359533011913,-0.46532317996025085,16,2,12.5,0,0.0,16,100.0
pair_01,5,0.7179110683500767,0.7084092497825623,0.28373381309211254,0.28455702960491175,0.2911676336079836,0.2904529571533203,-0.00743382051587105,-0.009270563721656772,-0.43417725525796413,-0.43698735535144806,16,5,31.25,0,0.0,16,100.0
pair_01,6,0.6873112730681896,0.678916335105896,0.26631621457636356,0.26817113161087036,0.28033911250531673,0.28713636100292206,-0.014022897928953162,-0.020234383642673437,-0.42099505849182606,-0.41361160576343536,16,2,12.5,0,0.0,16,100.0
pair_01,7,0.6639821082353592,0.6502903699874878,0.2750962041318416,0.27922786772251124,0.27545713819563383,0.27240630984306335,-0.0003609340637922235,-0.004734650254249573,-0.38888590410351753,-0.3839720934629441,16,5,31.25,0,0.0,16,100.0
pair_01,8,0.6283619478344917,0.6084661185741425,0.25256528705358505,0.25544303655624384,0.24683525227010247,0.24764420092105865,0.005730034783482562,0.001368284225463895,-0.3757966607809067,-0.36686914414167404,16,8,50.0,0,0.0,16,100.0
pair_01,9,0.5834515877068043,0.5636516511440277,0.24016801733523604,0.24077042937278745,0.22494804766029117,0.2259301170706749,0.01521996967494487,0.013632684946060139,-0.3432835703715682,-0.3277842476963997,16,12,75.0,0,0.0,16,100.0
pair_01,10,0.5190874487161636,0.49563704431056976,0.2350654825568199,0.24166851490736005,0.20158828515559432,0.2041272073984146,0.03347719740122557,0.03179819136857989,-0.2840219661593437,-0.26231033354997635,16,15,93.75,0,0.0,16,100.0
pair_01,11,0.45745077915489674,0.4415125250816345,0.2359522925689816,0.23950076848268503,0.17498703021556133,0.17638036608695978,0.06096526235342026,0.05652791261672971,-0.2214984865859151,-0.20957813411951065,16,16,100.0,0,0.0,16,100.0
pair_01,12,0.34276882000267506,0.3213333487510681,0.24178381636738774,0.2202477157115936,0.11943671479821201,0.12432435527443886,0.12234710156917573,0.08775128796696666,-0.1009850036352873,-0.12239497900009155,16,16,100.0,2,12.5,16,100.0
pair_01,13,0.18244416778907174,0.17705168575048444,0.2400227729231119,0.17059138417243955,0.0484714624471962,0.04918014816939825,0.1915513104759157,0.11780531704425809,0.05757860513404014,-0.01708698272705074,16,16,100.0,7,43.75,16,100.0
pair_01,14,0.16226867842487985,0.16114918887615198,0.27939737867563963,0.21997071057558054,0.04565177520271386,0.0458591170608997,0.23374560347292572,0.1716233845800161,0.11712870025075973,0.05004904419183731,16,16,100.0,13,81.25,16,100.0
pair_01,15,0.14433202333748338,0.1435016170144081,0.31074187392368907,0.26076559722423553,0.03983237175270911,0.039227569475769955,0.27090950217098,0.21586073376238346,0.16640985058620572,0.11076244711875916,16,16,100.0,14,87.5,16,100.0
pair_01,16,0.14456850918941197,0.14150452613830566,0.36057693883776665,0.315206229686737,0.04658406274393195,0.046892274171113954,0.3139928760938347,0.2664039507508278,0.21600842964835468,0.16676945239305496,16,16,100.0,14,87.5,16,100.0
pair_01,17,0.15349907847121355,0.14833714812994,0.4339605774730444,0.4083932042121887,0.05733274226076895,0.05531949736177915,0.37662783521227544,0.3473572731018067,0.2804614990018308,0.25458939373493195,16,16,100.0,15,93.75,16,100.0
pair_01,18,0.16548432549461717,0.1611118167638778,0.48639645613729954,0.46657755970954895,0.07213161792606111,0.07169817015528675,0.4142648382112384,0.39144218713045126,0.32091213064268237,0.3020899146795274,16,16,100.0,15,93.75,16,100.0
pair_01,19,0.18795149028301233,0.18185479938983912,0.5585932526737452,0.5512474477291107,0.09717328287661071,0.09541923925280565,0.46141996979713445,0.4588926881551743,0.3706417623907328,0.37404927611351024,16,16,100.0,15,93.75,16,100.0
pair_01,20,0.22527491021901366,0.21191862970590591,0.6657615136355162,0.680698037147522,0.14373628096655008,0.136366568505764,0.522025232668966,0.5314363390207291,0.4404866034165025,0.45636845380067825,16,16,100.0,16,100.0,16,100.0
pair_01,21,0.3139523593708873,0.3092171847820282,0.8803307749330997,0.8943080008029938,0.27326751220971346,0.26210397481918335,0.6070632627233863,0.6178946048021317,0.5663784155622125,0.5783408433198929,16,16,100.0,16,100.0,16,100.0
pair_01,22,0.3054438503459096,0.28803928196430206,0.8671888262033463,0.8843524754047394,0.2609231434762478,0.24577128887176508,0.6062656827270985,0.627490408718586,0.5617449758574367,0.5835344046354294,16,16,100.0,16,100.0,16,100.0
pair_01,23,0.3154328353703022,0.30825233459472656,0.8707174882292747,0.8878187835216522,0.2705053091049194,0.2548280507326126,0.6002121791243553,0.6194946095347404,0.5552846528589725,0.5754157900810242,16,16,100.0,16,100.0,16,100.0
pair_01,24,0.4005740340799093,0.3926803916692734,0.8791181296110153,0.8920424580574036,0.35474663972854614,0.3393174707889557,0.5243714898824692,0.5337959825992584,0.478544095531106,0.4874177724123001,16,16,100.0,16,100.0,16,100.0
pair_02,0,0.8820545934140682,0.8956121802330017,0.14448076288681472,0.12550712376832954,0.1512015160406008,0.13989617675542831,-0.006720753153786067,-0.005494967103004449,-0.7375738305272534,-0.7376490607857704,16,3,18.75,0,0.0,16,100.0
pair_02,1,0.8431090265512466,0.8482616543769836,0.18122640065848825,0.15648956596851343,0.20313012506812808,0.1748068556189537,-0.02190372440963984,-0.02158555388450624,-0.6618826258927584,-0.6543557196855545,16,1,6.25,0,0.0,16,100.0
pair_02,2,0.8045025803148746,0.7954249083995819,0.22600694000720975,0.21295168995857233,0.25824429839849466,0.2511006295681,-0.03223735839128494,-0.028420604765415164,-0.5784956403076649,-0.5693477243185043,16,1,6.25,0,0.0,16,100.0
pair_02,3,0.7620418444275856,0.7534337341785431,0.23660891130566594,0.23095561563968653,0.29925922490656376,0.2882520258426666,-0.06265031360089779,-0.05248263478279114,-0.5254329331219196,-0.5197358578443527,16,0,0.0,0,0.0,16,100.0
pair_02,4,0.7453770600259304,0.7456293106079102,0.2922321781516075,0.2902845293283462,0.3261798918247223,0.3247619718313217,-0.03394771367311478,-0.025269314646720886,-0.4531448818743229,-0.4489936381578446,16,1,6.25,0,0.0,16,100.0
pair_02,5,0.70819041877985,0.7050709128379822,0.2857267763465643,0.28657540678977966,0.30536025390028954,0.3004167824983597,-0.019633477553725225,-0.018742188811302157,-0.4224636424332857,-0.4163266718387604,16,3,18.75,0,0.0,16,100.0
pair_02,6,0.6729815974831581,0.6667084097862244,0.2692741267383098,0.2684842646121979,0.2887808792293071,0.28616890311241144,-0.019506752490997314,-0.0203913152217865,-0.40370747074484825,-0.3960117697715759,16,2,12.5,0,0.0,16,100.0
pair_02,7,0.6504626087844372,0.6448644399642944,0.28411945514380926,0.28285419940948486,0.28368035145103926,0.28405678272247314,0.00043910369277000427,-0.002582415938377408,-0.3663431536406279,-0.36142440140247345,16,7,43.75,0,0.0,16,100.0
pair_02,8,0.6119204796850681,0.6137007176876068,0.2628372525796294,0.2635793089866638,0.2517075361683965,0.25144100189208984,0.011129716411232943,0.007699847221374512,-0.3490832271054387,-0.34247973561286926,16,14,87.5,0,0.0,16,100.0
pair_02,9,0.5716117452830076,0.5744825899600983,0.2564998418092727,0.25592352449893946,0.2294092001393437,0.22688215225934982,0.02709064166992902,0.02684505283832546,-0.31511190347373486,-0.3027688264846802,16,16,100.0,0,0.0,16,100.0
pair_02,10,0.5104335341602564,0.5188571810722351,0.2537573128938675,0.25137434154748917,0.2014781618490815,0.1977214217185974,0.05227915104478599,0.04983906447887421,-0.2566762212663889,-0.24609442055225378,16,16,100.0,0,0.0,16,100.0
pair_02,11,0.4448515828698873,0.44375413656234736,0.2574699372053146,0.2590412497520447,0.1725498083978891,0.17036273330450052,0.0849201288074255,0.0882604271173477,-0.18738164566457272,-0.18067017942667007,16,16,100.0,0,0.0,16,100.0
pair_02,12,0.3333890652284026,0.3339360803365707,0.2705333083868027,0.2537921667098999,0.11567783774808045,0.11508755385875695,0.15485547063872218,0.1289376467466355,-0.06285575684159994,-0.09197848290205006,16,16,100.0,4,25.0,16,100.0
pair_02,13,0.159573262091726,0.16496036201715464,0.269846195820719,0.1677260622382164,0.04200927168130871,0.03980302810668945,0.22783692413941029,0.1308814212679863,0.110272933728993,0.02881439775228506,16,16,100.0,9,56.25,16,100.0
pair_02,14,0.1394691932946443,0.14020531624555585,0.30296715209260583,0.2213161289691925,0.037677583401091355,0.035400977358222,0.26528956869151443,0.18767995946109295,0.16349795879796147,0.10139728337526326,16,16,100.0,12,75.0,16,100.0
pair_02,15,0.12813691468909377,0.12560641020536414,0.3424384999088943,0.2789275497198105,0.03600813343655312,0.033651420846581404,0.3064303664723412,0.24719194788485777,0.2143015852198005,0.16971854865550998,16,16,100.0,14,87.5,16,100.0
pair_02,16,0.12941988697275517,0.1263115033507347,0.38609219435602427,0.3393874913454056,0.04174989066086705,0.03915588743984695,0.34434230369515717,0.30471218191087246,0.25667230738326907,0.22382478043437007,16,16,100.0,15,93.75,16,100.0
pair_02,17,0.13964956114068625,0.14128290861845016,0.4551365990191698,0.43280586600303644,0.05224216147325927,0.04889548942446705,0.40289443754591053,0.38388496078550816,0.31548703787848353,0.29991239309310913,16,16,100.0,15,93.75,16,100.0
pair_02,18,0.15261575765907762,0.15730486065149304,0.5069740358740091,0.4974423348903656,0.06763764680363234,0.06610495224595064,0.43933638907037675,0.4313685819506645,0.3543582782149315,0.34819240868091583,16,16,100.0,15,93.75,16,100.0
pair_02,19,0.17626519873738283,0.18154478073120112,0.5767777524888515,0.5779530107975006,0.09364068880677219,0.0924759581685066,0.4831370636820793,0.47969578206539154,0.40051255375146866,0.3912345841526985,16,16,100.0,16,100.0,16,100.0
pair_02,20,0.22029309719800946,0.21634442359209055,0.680493799969554,0.6854118704795837,0.14530111057683823,0.14274264127016065,0.5351926893927157,0.5430120900273323,0.46020070277154446,0.46396195888519287,16,16,100.0,16,100.0,16,100.0
pair_02,21,0.34585807006806135,0.3494807332754135,0.8995570652186871,0.8998193144798279,0.3079051189124584,0.3076644688844681,0.5916519463062286,0.5916095077991486,0.5536989951506257,0.5524608492851257,16,16,100.0,16,100.0,16,100.0
pair_02,22,0.323299222625792,0.3215375393629074,0.8854140117764473,0.885774552822113,0.28309576213359827,0.28096635639667505,0.602318249642849,0.6111640334129333,0.5621147891506553,0.5805772244930267,16,16,100.0,16,100.0,16,100.0
pair_02,23,0.33523679338395596,0.33072710037231445,0.8837531171739101,0.8829626739025116,0.2946174945682287,0.2904895544052124,0.5891356226056814,0.5981242507696152,0.5485163237899542,0.5631042569875717,16,16,100.0,16,100.0,16,100.0
pair_02,24,0.4057513605803251,0.40550729632377625,0.8887573219835758,0.8904696404933929,0.3643281105905771,0.36068168282508845,0.5244292113929987,0.5323657244443893,0.4830059614032507,0.4908930957317353,16,16,100.0,16,100.0,16,100.0
pair_03,0,0.838861495256424,0.8453589677810669,0.12403298239223656,0.121941614896059,0.13586731790564952,0.13412521779537195,-0.011834335513412942,-0.00757106021046635,-0.7148285128641874,-0.7504438385367393,16,1,6.25,0,0.0,16,100.0
pair_03,1,0.8050421290099621,0.8010254502296448,0.14885484706610438,0.1446014642715454,0.17598765296861527,0.16662653535604477,-0.02713280590251089,-0.026492476463317843,-0.6561872819438577,-0.6837040223181248,16,0,0.0,0,0.0,16,100.0
pair_03,2,0.777361448854208,0.7793696224689484,0.2184300227090716,0.22707419842481605,0.25064525380730623,0.2429670989513397,-0.03221523109823465,-0.03280308842658994,-0.5589314261451364,-0.5793131366372108,16,1,6.25,0,0.0,16,100.0
pair_03,3,0.7427721880376339,0.7485401928424835,0.22904621344059703,0.2376926243305206,0.2838320480659604,0.2817142903804779,-0.054785834625363364,-0.0476197376847267,-0.5137259745970368,-0.5363166704773903,16,0,0.0,0,0.0,16,100.0
pair_03,4,0.7307048514485359,0.7358366549015045,0.2970051299780607,0.30037587881088257,0.32165092043578625,0.3185794949531555,-0.02464579045772552,-0.02344059944152832,-0.4336997214704752,-0.4612725302577019,16,2,12.5,0,0.0,16,100.0
pair_03,5,0.6916556060314178,0.6933895349502563,0.289717111736536,0.2946874350309372,0.30219320952892303,0.2995760589838028,-0.012476097792387023,-0.014881208539009039,-0.4019384942948819,-0.42340275645256054,16,3,18.75,0,0.0,16,100.0
pair_03,6,0.6582759991288185,0.6609790623188019,0.2713140966370702,0.27306488156318665,0.2859005033969879,0.28101152181625366,-0.01458640675991772,-0.0128602534532547,-0.38696190249174833,-0.40157388150691986,16,4,25.0,0,0.0,16,100.0
pair_03,7,0.6358012463897467,0.6401543617248535,0.2851927038282156,0.2820268422365188,0.2824313845485449,0.27851545810699463,0.0027613192796707136,-0.003671541810035761,-0.35060854256153107,-0.3651250898838043,16,7,43.75,0,0.0,16,100.0
pair_03,8,0.5983208026736975,0.6048948466777802,0.2667527822777629,0.2612762749195099,0.2543463511392474,0.2515309154987335,0.01240643113851547,0.006224125623703031,-0.3315680203959346,-0.3514810651540756,16,10,62.5,0,0.0,16,100.0
pair_03,9,0.5545228216797113,0.565954715013504,0.2630394054576754,0.26233547925949097,0.23173327744007108,0.2349588572978973,0.031306128017604344,0.02484048902988434,-0.29148341622203594,-0.31745192408561707,16,14,87.5,0,0.0,16,100.0
pair_03,10,0.4890275001525879,0.497805580496788,0.26419664453715086,0.26322798430919647,0.2071246029809117,0.2097567617893219,0.05707204155623913,0.0486240535974503,-0.22483085561543703,-0.2588041201233864,16,16,100.0,0,0.0,16,100.0
pair_03,11,0.4239298030734062,0.4345847517251968,0.2682354720309376,0.25570806860923767,0.17648794595152137,0.1773742288351059,0.09174752607941628,0.0705731436610222,-0.15569433104246855,-0.17804845422506335,16,16,100.0,1,6.25,16,100.0
pair_03,12,0.3164664767682552,0.31418275833129883,0.2707342868670821,0.24195671826601028,0.1238815798424184,0.1200609654188156,0.1468527070246637,0.1262581311166287,-0.045732189901173115,-0.06608109176158906,16,15,93.75,6,37.5,16,100.0
pair_03,13,0.16833288222551343,0.17463056743144983,0.2394574345089495,0.1685337498784065,0.06646597129292782,0.0475902594625949,0.17299146321602166,0.12511093728244305,0.07112455228343606,-0.0019841790199279646,16,15,93.75,8,50.0,16,100.0
pair_03,14,0.14657843252643937,0.1531513705849647,0.27948302309960127,0.2222046628594398,0.06230626115575429,0.0432025026530027,0.21717676194384694,0.1828373298048973,0.13290459057316187,0.07778651267290121,16,15,93.75,11,68.75,16,100.0
pair_03,15,0.13351554516702885,0.1414509564638137,0.3203040165826678,0.2701532393693924,0.058195738005451816,0.03804893791675565,0.26210827857721597,0.23466002382338047,0.18678847141563895,0.13262400776147848,16,15,93.75,14,87.5,16,100.0
pair_03,16,0.13073599687777457,0.13633936643600458,0.37065485026687384,0.3304091840982437,0.0615234308643266,0.04254360869526855,0.3091314194025472,0.2916146237403155,0.23991885338909924,0.19605762511491776,16,15,93.75,16,100.0,16,100.0
pair_03,17,0.13693616865202782,0.13941417634487152,0.44690620526671404,0.4321411997079849,0.06877872720360752,0.0520361121743917,0.37812747806310654,0.38225358910858637,0.30997003661468625,0.2947704643011093,16,16,100.0,16,100.0,16,100.0
pair_03,18,0.14726546220481393,0.1549423262476921,0.5026262141764164,0.49799007177352905,0.08087658113799985,0.06708827987313265,0.4217496330384165,0.4328689686954022,0.35536075197160244,0.34692661464214325,16,16,100.0,16,100.0,16,100.0
pair_03,19,0.16746199969202274,0.17733465880155558,0.5754134394228458,0.5657625496387482,0.10145090986043209,0.09122994542121879,0.47396252956241375,0.4759628772735596,0.4079514397308231,0.39351099729537964,16,16,100.0,16,100.0,16,100.0
pair_03,20,0.2005521552637219,0.20430920273065561,0.6738929562270641,0.6784241795539856,0.13849002076312894,0.1296773590147495,0.5354029354639351,0.543958768248558,0.4733408009633422,0.4687623605132103,16,16,100.0,16,100.0,16,100.0
pair_03,21,0.27878966182470316,0.27790728211402893,0.8713931404054165,0.8629346489906311,0.24306607805192465,0.2460265457630157,0.6283270623534918,0.6232248321175575,0.5926034785807133,0.5884833335876465,16,16,100.0,16,100.0,16,100.0
pair_03,22,0.2776909656822681,0.28117543458938593,0.8605289347469807,0.853706955909729,0.23803884163498876,0.24127452075481415,0.6224900931119919,0.6250800788402557,0.5828379690647125,0.5821065008640289,16,16,100.0,16,100.0,16,100.0
pair_03,23,0.29610115569084877,0.29894617199897766,0.8646807186305523,0.8613520264625549,0.2557246508076787,0.2614089250564575,0.6089560678228736,0.6089727282524109,0.5685795629397035,0.5637523680925369,16,16,100.0,16,100.0,16,100.0
pair_03,24,0.38431376777589316,0.37967669963836664,0.8722591958940029,0.8682804703712463,0.34069206379354,0.3416155129671097,0.5315671321004629,0.5322680175304413,0.48794542811810976,0.48025840520858765,16,16,100.0,16,100.0,16,100.0
pair_04,0,0.8490593433380127,0.8421855270862579,0.17128895595669744,0.17037381976842875,0.18554680282250044,0.17662160098552698,-0.014257846865803017,-0.011437848210334799,-0.6777703873813152,-0.6939342245459557,16,1,6.25,0,0.0,16,100.0
pair_04,1,0.8122075386345387,0.8065321743488312,0.18571425043046472,0.18089972436428065,0.21978351846337316,0.21714808046817774,-0.03406926803290844,-0.036613509058952304,-0.6264932882040739,-0.6388608887791634,16,1,6.25,0,0.0,16,100.0
pair_04,2,0.7836275361478329,0.7792280614376068,0.23474642634391782,0.23009774088859555,0.27691044099628925,0.27160026133060455,-0.04216401465237142,-0.04114873707294464,-0.548881109803915,-0.5627701580524445,16,0,0.0,0,0.0,16,100.0
pair_04,3,0.7444223910570145,0.7486014068126678,0.2326390631496906,0.2274885326623916,0.30176347307860846,0.292408749461174,-0.06912440992891788,-0.07077453285455704,-0.5117833279073238,-0.5140930339694023,16,0,0.0,0,0.0,16,100.0
pair_04,4,0.7324035577476025,0.7371435165405273,0.2907551359385252,0.28907918930053705,0.3276132866740227,0.3195048123598099,-0.036858150735497475,-0.03403408825397486,-0.44164842180907726,-0.4454207718372345,16,0,0.0,0,0.0,16,100.0
pair_04,5,0.692866250872612,0.6981982588768005,0.2837227787822485,0.2837083041667938,0.3086752016097307,0.3044963479042053,-0.024952422827482227,-0.02264516055583954,-0.4091434720903635,-0.4139915853738785,16,1,6.25,0,0.0,16,100.0
pair_04,6,0.6564886718988419,0.6611101627349854,0.2675571646541357,0.26731283962726593,0.293432729318738,0.2910242974758148,-0.02587556466460228,-0.024300694465637207,-0.38893150724470615,-0.40026107430458074,16,1,6.25,0,0.0,16,100.0
pair_04,7,0.6341337710618973,0.6395007967948914,0.2803306244313717,0.27594587206840515,0.2847929690033197,0.2844820618629455,-0.00446234457194802,-0.004955515265464755,-0.3538031466305256,-0.371706485748291,16,5,31.25,0,0.0,16,100.0
pair_04,8,0.592387355864048,0.5988309979438782,0.2611348498612642,0.25984902679920197,0.2541163451969623,0.253222644329071,0.007018504664301883,0.0052219480276108066,-0.3312525060027838,-0.34851139783859253,16,9,56.25,0,0.0,16,100.0
pair_04,9,0.5552395917475224,0.5603227615356445,0.2549260230734944,0.2488486915826797,0.22797680646181104,0.2273633554577827,0.02694921661168337,0.022792831063270555,-0.3003135686740279,-0.3154047429561615,16,16,100.0,0,0.0,16,100.0
pair_04,10,0.49928264133632183,0.5051135718822479,0.2502977345138788,0.24428261816501615,0.2012801263481378,0.1968590915203094,0.04901760816574098,0.04505708068609239,-0.248984906822443,-0.26153750717639923,16,16,100.0,0,0.0,16,100.0
pair_04,11,0.43866609409451485,0.4400748014450073,0.24774468690156934,0.23911863565444946,0.17040443327277896,0.1660513877868652,0.07734025362879038,0.0758578330278397,-0.19092140719294548,-0.19173949956893918,16,16,100.0,1,6.25,16,100.0
pair_04,12,0.3249417897313833,0.32884304225444794,0.27055846620351076,0.22528088837862015,0.11730775702744717,0.11613008007407186,0.15325070917606357,0.09862196445465095,-0.054383323527872555,-0.10202128440141674,16,16,100.0,4,25.0,16,100.0
pair_04,13,0.15964126121252772,0.17120888829231257,0.2832054402679205,0.15399945527315134,0.04581908253021534,0.0444001611322164,0.2373863577377051,0.10607436485588549,0.12356417905539276,-0.012516282498836517,16,16,100.0,7,43.75,16,100.0
pair_04,14,0.1342956472653895,0.14476161450147623,0.3177485638298094,0.20405294001102448,0.0406522928969934,0.040875244885683004,0.277096270932816,0.15671508945524698,0.1834529165644199,0.0676794052124023,16,16,100.0,13,81.25,16,100.0
pair_04,15,0.12228122074156997,0.13405244052410126,0.35657753609120846,0.2649897336959839,0.03691509424243118,0.03739701397716995,0.31966244184877723,0.22313425317406654,0.2342963153496385,0.1408204883337021,16,16,100.0,15,93.75,16,100.0
pair_04,16,0.12138698715716598,0.1296597346663475,0.40451118163764477,0.3372717648744583,0.04167591570876536,0.0423683635890483,0.3628352659288794,0.2895967699587345,0.28312419448047876,0.19830483570694923,16,16,100.0,16,100.0,16,100.0
pair_04,17,0.1293087401427328,0.13203565776348108,0.4797973744571209,0.4416213035583496,0.05199178052134807,0.0511424802243709,0.42780559393577283,0.38148398697376257,0.35048863431438804,0.29558034986257553,16,16,100.0,16,100.0,16,100.0
pair_04,18,0.13886132696643466,0.14416360855102534,0.5256817378103733,0.4997757375240326,0.06465084617957467,0.06443326547741884,0.46103089163079863,0.42762861400842667,0.3868204108439386,0.35230274498462677,16,16,100.0,16,100.0,16,100.0
pair_04,19,0.15845372248440978,0.1632881239056587,0.5861977115273476,0.5735046565532684,0.08620251761749383,0.0860902406275272,0.4999951939098537,0.47922410443425184,0.42774398904293776,0.4068761244416237,16,16,100.0,16,100.0,16,100.0
pair_04,20,0.19636612106114623,0.19882149994373316,0.6714251153171062,0.6682756245136261,0.12870450597256416,0.1279550418257713,0.542720609344542,0.5364778488874435,0.47505899425596004,0.4685433357954025,16,16,100.0,16,100.0,16,100.0
pair_04,21,0.32198320515453815,0.31294867396354675,0.8764480762183666,0.8890789449214935,0.28000770416110754,0.27398811280727386,0.5964403720572591,0.6065236628055573,0.5544648710638285,0.5675959140062332,16,16,100.0,16,100.0,16,100.0
pair_04,22,0.2974403742700815,0.29113735258579254,0.8618980087339878,0.8769623935222626,0.2549246223643422,0.2511773258447647,0.6069733863696456,0.6165984570980072,0.5644576344639063,0.5780491530895233,16,16,100.0,16,100.0,16,100.0
pair_04,23,0.3054364752024412,0.3018713742494583,0.8650609776377678,0.8767440021038055,0.2641666950657963,0.25998900830745697,0.6008942825719714,0.6078095436096191,0.5596245024353266,0.568413719534874,16,16,100.0,16,100.0,16,100.0
pair_04,24,0.3874080013483763,0.3852594196796417,0.8742077946662903,0.8859110176563263,0.34502207301557064,0.34120574593544006,0.5291857216507196,0.5320908874273301,0.48679979331791406,0.4911213070154191,16,16,100.0,16,100.0,16,100.0
pair_05,0,0.8733479604125023,0.8687537014484406,0.12311539083020757,0.1312708221375942,0.1330564480012981,0.13857920467853546,-0.009941057171090504,-0.00789685547351835,-0.7502325695822947,-0.7381819561123848,16,3,18.75,0,0.0,16,100.0
pair_05,1,0.8262538574635983,0.8080205023288727,0.16808133432641623,0.15316189080476755,0.20290742907673118,0.18806067854166025,-0.03482609475031495,-0.027118384838104248,-0.658172523137182,-0.6667234748601913,16,0,0.0,0,0.0,16,100.0
pair_05,2,0.7801378071308136,0.7610760033130646,0.2171035977080464,0.2121438533067703,0.25539649371057743,0.24202051013708115,-0.03829289600253106,-0.032198160886764554,-0.5630342094227672,-0.563268318772316,16,0,0.0,0,0.0,16,100.0
pair_05,3,0.7256447598338127,0.6955538094043732,0.23283186834305522,0.21244731545448298,0.312592227011919,0.29650968313217163,-0.07976035866886377,-0.0728801116347313,-0.49281289149075747,-0.4785003587603569,16,0,0.0,0,0.0,16,100.0
pair_05,4,0.7031412236392498,0.679911732673645,0.2875828556716442,0.2742712050676346,0.3366409428417682,0.3228530287742615,-0.04905808717012404,-0.04312202334403989,-0.4155583679676056,-0.39374227821826935,16,0,0.0,0,0.0,16,100.0
pair_05,5,0.6672871001064777,0.6435213387012482,0.27645706664770836,0.2670836001634598,0.3154877871274948,0.3025348335504532,-0.03903072047978641,-0.03492548316717148,-0.3908300334587693,-0.3705929219722748,16,1,6.25,0,0.0,16,100.0
pair_05,6,0.6427597291767597,0.6180830299854279,0.26306686922907824,0.25387586653232574,0.30297839269042015,0.296255350112915,-0.039911523461341865,-0.035007625818252536,-0.3796928599476815,-0.3625390902161599,16,0,0.0,0,0.0,16,100.0
pair_05,7,0.6247123070061207,0.6015627086162567,0.2672056369483471,0.2595081031322479,0.28633010014891624,0.28034326434135437,-0.019124463200569153,-0.019976422190666254,-0.3575066700577736,-0.3360871225595474,16,1,6.25,0,0.0,16,100.0
pair_05,8,0.5883189626038074,0.5649480521678925,0.24208784196525807,0.23733431100845334,0.25398369133472437,0.25002409517765045,-0.011895849369466322,-0.010522767901420607,-0.3462311206385494,-0.3231584355235101,16,3,18.75,0,0.0,16,100.0
pair_05,9,0.5527740940451622,0.5279578268527985,0.22973785270005462,0.2269287854433059,0.22841626498848197,0.2222252562642097,0.001321587711572647,-0.0006917119026184082,-0.32303624134510756,-0.2957272231578827,16,8,50.0,0,0.0,16,100.0
pair_05,10,0.49258385598659515,0.475441038608551,0.21559732314199206,0.2141470462083816,0.19954992923885578,0.1919498071074485,0.016047393903136267,0.018709369003772763,-0.27698653284460306,-0.25174980610609055,16,11,68.75,0,0.0,16,100.0
pair_05,11,0.4382624737918377,0.41094355285167694,0.2033570986241102,0.20895051956176752,0.16823011822998518,0.1623039469122886,0.03512698039412499,0.045049168169498444,-0.2349053751677275,-0.19487286359071734,16,15,93.75,0,0.0,16,100.0
pair_05,12,0.33768044598400593,0.30303966999053955,0.19761577714234585,0.19135676324367518,0.11898464523255821,0.10949577018618581,0.07863113190978765,0.06891602277755735,-0.14006466884166005,-0.13455714285373688,16,15,93.75,2,12.5,16,100.0
pair_05,13,0.18173371488228438,0.1619656980037689,0.21717569418251512,0.1436428055167198,0.059799627866595935,0.04415129311382765,0.1573760663159192,0.09585359133780004,0.03544197930023074,-0.04299763217568395,16,15,93.75,6,37.5,16,100.0
pair_05,14,0.1641325543168932,0.14647843688726425,0.23980289185419676,0.1775739192962646,0.0563156667631119,0.0405265782028436,0.18348722509108487,0.13286651112139225,0.07567033753730355,0.007860384881496388,16,15,93.75,9,56.25,16,100.0
pair_05,15,0.15506872977130112,0.1419711336493492,0.2607006677426398,0.2180704846978187,0.050864331424236256,0.0376664455980062,0.20983633631840348,0.17271447181701655,0.10563193797133866,0.0637006089091301,16,15,93.75,12,75.0,16,100.0
pair_05,16,0.1546119872946292,0.1428045853972435,0.30051114782690996,0.2692198008298874,0.054909803206101004,0.0419192127883434,0.245601344620809,0.22022837586700922,0.1458991605322808,0.12268635630607602,16,15,93.75,13,81.25,16,100.0
pair_05,17,0.1631478709168732,0.14750974625349045,0.367970853112638,0.3553754687309265,0.06448677717708047,0.0514153782278299,0.3034840759355575,0.2988717760890722,0.20482298219576478,0.20484886318445208,16,15,93.75,15,93.75,16,100.0
pair_05,18,0.17361694155260915,0.15663848072290415,0.41756957676261663,0.41819360852241516,0.077362512005493,0.0657880268990993,0.3402070647571236,0.3494474329054356,0.24395263521000748,0.25957135111093527,16,16,100.0,15,93.75,16,100.0
pair_05,19,0.19784717727452514,0.18228278309106824,0.4899951070547104,0.5049363076686859,0.10165830748155709,0.09270129725337026,0.3883367995731533,0.4069122225046159,0.2921479297801852,0.32171048969030386,16,16,100.0,15,93.75,16,100.0
pair_05,20,0.23535743728280065,0.2146265804767608,0.6099861767143011,0.6342999637126923,0.14525301661342377,0.13855131715536115,0.4647331601008773,0.5036392360925674,0.37462873943150043,0.4239153414964677,16,16,100.0,15,93.75,16,100.0
pair_05,21,0.37170786038041115,0.35474586486816406,0.8559890203177929,0.8691176176071167,0.3134869420900941,0.3061705827713012,0.5425020782276988,0.5777501612901688,0.48428115993738174,0.537432849407196,16,16,100.0,15,93.75,16,100.0
pair_05,22,0.3413248546421528,0.3065111041069031,0.8372987769544125,0.8508202433586121,0.2810511188581586,0.2620237469673157,0.5562476580962539,0.6017381101846695,0.4959739223122597,0.5622532218694687,16,16,100.0,15,93.75,16,100.0
pair_05,23,0.3507667388767004,0.3213839679956436,0.843858677893877,0.8571472764015198,0.29141900036484003,0.27141694724559784,0.552439677529037,0.5927491933107376,0.49309193901717663,0.5529422014951706,16,16,100.0,15,93.75,16,100.0
pair_05,24,0.4223616421222687,0.4006577432155609,0.8517726771533489,0.8647277057170868,0.36526745930314064,0.3524346202611923,0.4865052178502083,0.5217437595129013,0.42941103503108025,0.4793875366449356,16,16,100.0,15,93.75,16,100.0
pair_06,0,0.8562356233596802,0.8569540977478027,0.16658194316551087,0.1536784023046493,0.17843003524467344,0.1583517715334892,-0.011848092079162587,-0.011238731443881947,-0.6896536801941693,-0.6850458383560181,16,1,6.25,0,0.0,16,100.0
pair_06,1,0.8229223601520061,0.8238367736339569,0.18450133129954335,0.1705454811453819,0.21029537264257667,0.19589357823133466,-0.025794041343033317,-0.02473518252372746,-0.6384210288524628,-0.6362403035163879,16,1,6.25,0,0.0,16,100.0
pair_06,2,0.7845980525016785,0.7783880829811096,0.2335379077121615,0.21988257020711893,0.26814363431185484,0.26458266377449036,-0.0346057265996933,-0.03499897569417956,-0.5510601447895169,-0.548590324819088,16,0,0.0,0,0.0,16,100.0
pair_06,3,0.7423629239201546,0.735942542552948,0.24014484044164416,0.2289375215768814,0.3021641653031111,0.30258403718471527,-0.06201932486146689,-0.06386195123195644,-0.5022180834785104,-0.49933478981256485,16,0,0.0,0,0.0,16,100.0
pair_06,4,0.7272766008973122,0.7146205306053162,0.2964183520525694,0.2949251383543014,0.3270823769271374,0.3239072114229202,-0.030664024874567992,-0.03117556869983673,-0.4308582488447428,-0.4179190993309021,16,1,6.25,0,0.0,16,100.0
pair_06,5,0.6904843151569366,0.6755166947841644,0.2857105936855077,0.28142292797565455,0.3055276032537222,0.30347347259521484,-0.019817009568214437,-0.016284614801406916,-0.4047737214714289,-0.3894359320402146,16,2,12.5,0,0.0,16,100.0
pair_06,6,0.6651629768311977,0.6457135677337646,0.2706064349040389,0.2710350602865219,0.2907198779284954,0.28674542903900146,-0.020113443024456508,-0.018279030919075012,-0.39455654192715883,-0.37479519098997116,16,2,12.5,0,0.0,16,100.0
pair_06,7,0.6457918547093868,0.6264022290706635,0.2852440308779478,0.28605304658412933,0.28549025207757944,0.2813247293233871,-0.0002462211996316632,-0.0014890581369400024,-0.360547823831439,-0.33944758772850037,16,7,43.75,0,0.0,16,100.0
pair_06,8,0.6096425447613001,0.5881282091140747,0.2648574775084853,0.26318155229091644,0.25338015425950283,0.25071109086275095,0.011477323248982445,0.013829879462718964,-0.34478506725281477,-0.3245627358555794,16,11,68.75,0,0.0,16,100.0
pair_06,9,0.5749831274151802,0.5501976907253265,0.2602620674297213,0.26122553646564484,0.23086251132190225,0.22686631232500076,0.029399556107819077,0.03299186378717424,-0.3147210599854589,-0.280990943312645,16,13,81.25,0,0.0,16,100.0
pair_06,10,0.5206396393477917,0.4972653239965439,0.2577045680955052,0.25743916630744934,0.20435884967446324,0.19812108576297754,0.05334571842104196,0.06128831207752225,-0.26293507125228643,-0.22759846597909927,16,15,93.75,0,0.0,16,100.0
pair_06,11,0.46195937879383564,0.43649910390377045,0.25737281702458853,0.25565317273139954,0.1764095490798354,0.17196447402238846,0.08096326794475317,0.08739215135574335,-0.20458656176924706,-0.1652525663375854,16,15,93.75,1,6.25,16,100.0
pair_06,12,0.3582556573674083,0.3233625292778015,0.25896227639168495,0.22714719921350474,0.12690669205039734,0.11714050546288485,0.13205558434128764,0.10974860563874245,-0.09929338097572328,-0.10537778586149216,16,16,100.0,3,18.75,16,100.0
pair_06,13,0.21734108356758947,0.17290489375591273,0.2682712716050446,0.17296554893255228,0.06909477990120644,0.04523678310215465,0.19917649170383814,0.12247495912015441,0.05093018803745511,-0.0046951472759246965,16,16,100.0,7,43.75,16,100.0
pair_06,14,0.19744770135730502,0.15195479989051813,0.2968712085857987,0.20658753812313074,0.06465087761171158,0.042095782235264695,0.23222033097408712,0.1602271534502507,0.09942350722849369,0.057748019695281955,16,16,100.0,12,75.0,16,100.0
pair_06,15,0.1857287373859435,0.14050272107124326,0.3295165575109422,0.25218966603279114,0.061960204038768965,0.04024483822286125,0.2675563534721732,0.2061664462089539,0.1437878201249987,0.11084150895476344,16,16,100.0,13,81.25,16,100.0
pair_06,16,0.18409381248056883,0.14064871519803995,0.37142999563366175,0.3049068748950958,0.0651274502743035,0.043422203510999596,0.3063025453593582,0.25850578397512436,0.18733618315309286,0.1763119287788868,16,16,100.0,14,87.5,16,100.0
pair_06,17,0.18853923026472327,0.1494266018271446,0.4345496390014887,0.3913805484771728,0.07243952667340633,0.0527783147990703,0.3621101123280823,0.335997499525547,0.2460104087367654,0.25206610560417175,16,16,100.0,14,87.5,16,100.0
pair_06,18,0.19233052385970947,0.1604584977030754,0.4757208051159978,0.4510480016469955,0.08065403136424718,0.0634633544832468,0.3950667737517506,0.38385281525552273,0.2833902812562883,0.2941789999604225,16,16,100.0,14,87.5,16,100.0
pair_06,19,0.20452577900141475,0.1764567568898201,0.5341665018349886,0.5304380655288696,0.0997516005299985,0.0859710685908794,0.43441490130499005,0.436645220965147,0.3296407228335738,0.3444160521030426,16,16,100.0,15,93.75,16,100.0
pair_06,20,0.22493568807840345,0.20297869294881815,0.6282394155859947,0.6332643926143646,0.13300115521997208,0.11753310263156885,0.49523826036602264,0.5029614716768265,0.40330372750759125,0.4214411154389382,16,16,100.0,15,93.75,16,100.0
pair_06,21,0.3289401922374963,0.33107793331146235,0.855154238641262,0.8798438906669617,0.27690700441598887,0.261475533246994,0.5782472342252731,0.5768324881792068,0.5262140464037657,0.5421941876411438,16,16,100.0,16,100.0,16,100.0
pair_06,22,0.30006513185799116,0.29971274733543396,0.8367854319512844,0.8626920282840729,0.24745162762701509,0.23406682163476938,0.5893338043242693,0.6023736819624901,0.5367203000932932,0.5579891204833984,16,16,100.0,16,100.0,16,100.0
pair_06,23,0.31239350605756044,0.304695725440979,0.840239517390728,0.8647376000881195,0.25893104635179043,0.24712170660495755,0.5813084710389376,0.5980601832270622,0.5278460113331676,0.5531816780567169,16,16,100.0,16,100.0,16,100.0
pair_06,24,0.3942185863852501,0.3832123875617981,0.8495251759886742,0.8705850541591644,0.3395750913769007,0.33123229444026947,0.5099500846117735,0.5205815583467484,0.4553065896034241,0.4681272655725479,16,16,100.0,16,100.0,16,100.0
pair_07,0,0.8536735251545906,0.8864434361457825,0.1610037463251501,0.13984788209199905,0.17777737835422155,0.16134241968393326,-0.016773632029071454,-0.007330447435378994,-0.6926697788294405,-0.7291616350412369,16,2,12.5,0,0.0,16,100.0
pair_07,1,0.8203942514955997,0.8489015102386475,0.1861300561577081,0.17258329689502716,0.22628516331315038,0.21785169839859006,-0.040155107155442245,-0.026406168937683105,-0.6342641953378916,-0.662883996963501,16,0,0.0,0,0.0,16,100.0
pair_07,2,0.7761529348790646,0.7864801585674286,0.231146739795804,0.21030224114656443,0.28153415489941835,0.27022165060043335,-0.050387415103614344,-0.039773158729076385,-0.5450061950832605,-0.559291884303093,16,0,0.0,0,0.0,16,100.0
pair_07,3,0.7325739115476608,0.7459316551685333,0.24138544034212822,0.22610933333635325,0.3304509585723281,0.30887140333652496,-0.08906551823019983,-0.07842724770307541,-0.49118847120553255,-0.5048226863145828,16,0,0.0,0,0.0,16,100.0
pair_07,4,0.7191706076264381,0.7221839427947998,0.295582327991724,0.28196287155151367,0.3475575279444456,0.33440014719963074,-0.0519751999527216,-0.04103365540504458,-0.4235882796347141,-0.4232693612575531,16,0,0.0,0,0.0,16,100.0
pair_07,5,0.6826732158660889,0.6863493621349335,0.28360166400671005,0.27546197175979614,0.32364541105926037,0.3134302645921707,-0.040043747052550316,-0.028939083218574524,-0.3990715518593788,-0.4003588408231735,16,0,0.0,0,0.0,16,100.0
pair_07,6,0.655118141323328,0.6583020091056824,0.2676424216479063,0.2582074850797653,0.30862555652856827,0.30215542018413544,-0.04098313488066197,-0.02898868918418887,-0.3874757196754217,-0.39178942143917084,16,0,0.0,0,0.0,16,100.0
pair_07,7,0.6371023003011942,0.6387425363063812,0.274126460775733,0.2680589258670807,0.2947628665715456,0.2892805784940719,-0.0206364057958126,-0.012086972594261197,-0.3629758395254612,-0.36993229389190674,16,0,0.0,0,0.0,16,100.0
pair_07,8,0.6022873017936945,0.6057876348495483,0.24765140563249585,0.24371343106031415,0.2613250715658068,0.2560442090034485,-0.01367366593331098,-0.00851519405841826,-0.3546358961611986,-0.3620071113109589,16,3,18.75,0,0.0,16,100.0
pair_07,9,0.5646471027284861,0.5666942596435547,0.2356426306068897,0.23064248263835901,0.23598649259656665,0.23183313012123105,-0.00034386198967695757,0.001184009015560164,-0.3290044721215964,-0.32838646322488785,16,8,50.0,0,0.0,16,100.0
pair_07,10,0.5042461212724447,0.5108473896980286,0.22093314956873653,0.21889866888523102,0.20608923025429246,0.2038205191493034,0.014843919314444043,0.013290248811244937,-0.28331297170370817,-0.28874291479587555,16,13,81.25,0,0.0,16,100.0
pair_07,11,0.44844177924096584,0.4487529844045639,0.21458919625729317,0.21149035543203348,0.17653102986514566,0.17351955175399775,0.038058166392147534,0.02959161251783371,-0.23385258298367265,-0.23675449937582016,16,14,87.5,0,0.0,16,100.0
pair_07,12,0.3381502889096737,0.3328197002410888,0.2211509300395846,0.17902693152427668,0.11989735765382642,0.1126773133873939,0.10125357238575818,0.06842141225934029,-0.11699935887008905,-0.1587647944688797,16,16,100.0,2,12.5,16,100.0
pair_07,13,0.1891254838556051,0.18389598280191416,0.21295653330162165,0.12752132117748255,0.04561676364392037,0.043774567544460255,0.16733976965770128,0.08224987238645555,0.02383104944601655,-0.06637544929981229,16,16,100.0,5,31.25,16,100.0
pair_07,14,0.1713519734330475,0.16513796150684354,0.24358020396903154,0.16866489499807355,0.040676133241504375,0.038698323071002905,0.20290407072752717,0.13235539756715298,0.07222823053598404,-0.0011638551950455406,16,16,100.0,8,50.0,16,100.0
pair_07,15,0.1615703525021672,0.15614882856607437,0.26397607615217566,0.19043143093585965,0.036554576596245135,0.03443969041109085,0.2274214995559305,0.15830324124544862,0.10240572365000845,0.033070750534534496,16,16,100.0,10,62.5,16,100.0
pair_07,16,0.15984305460005993,0.1514520347118377,0.3018826581537723,0.2363471165299415,0.04156552185304459,0.04120785929262635,0.2603171363007277,0.2006955500692129,0.14203960355371237,0.08736506849527365,16,16,100.0,13,81.25,16,100.0
pair_07,17,0.1695454739965498,0.1622987017035484,0.3634399427101016,0.31937916576862335,0.05159318563528355,0.0494650527834892,0.311846757074818,0.2650265283882618,0.1938944687135518,0.16109342873096472,16,16,100.0,15,93.75,16,100.0
pair_07,18,0.18177639832720158,0.17569310963153834,0.40236206632107496,0.3780145943164825,0.06452138116583223,0.06205097585916515,0.3378406851552427,0.31175838597118855,0.22058566799387336,0.21142150461673734,16,16,100.0,15,93.75,16,100.0
pair_07,19,0.20201291004195804,0.19454112648963925,0.4709433391690254,0.4637189358472824,0.08800964569672937,0.0864680409431457,0.382933693472296,0.3805179037153721,0.2689304291270673,0.28521963953971863,16,16,100.0,15,93.75,16,100.0
pair_07,20,0.23424310516566035,0.2257469147443771,0.5947402361780405,0.615249514579773,0.13702727621421215,0.13398890197277064,0.4577129599638283,0.48520717024803167,0.3604971310123801,0.4055830016732216,16,16,100.0,15,93.75,16,100.0
pair_07,21,0.3501030867919325,0.34253536164760584,0.8744189403951168,0.8781004250049591,0.29984553623944515,0.29498301446437836,0.5745734041556716,0.5896568894386292,0.5243158536031842,0.5541527718305588,16,16,100.0,16,100.0,16,100.0
pair_07,22,0.330634793266654,0.3245474398136139,0.8517647199332714,0.8535839021205902,0.27881921082735056,0.2758412212133407,0.5729455091059208,0.6016224175691605,0.5211299266666174,0.5543225854635239,16,16,100.0,16,100.0,16,100.0
pair_07,23,0.34100684151053423,0.33815512061119074,0.8525868803262711,0.8537420630455017,0.28923441749066114,0.28631696105003357,0.5633524628356099,0.5876385718584061,0.5115800388157368,0.5391687750816345,16,16,100.0,16,100.0,16,100.0
pair_07,24,0.41086771711707115,0.40836940705776215,0.859025951474905,0.860061913728714,0.3596322424709797,0.35888250172138214,0.4993937090039253,0.5215559303760529,0.44815823435783386,0.4723077565431595,16,16,100.0,16,100.0,16,100.0
pair_08,0,0.8177796676754951,0.838015228509903,0.13001070520840582,0.12493390962481495,0.14215623377822337,0.1381639018654823,-0.012145528569817536,-0.008404497057199499,-0.6877689624670893,-0.7181841358542442,16,1,6.25,0,0.0,16,100.0
pair_08,1,0.7873229794204235,0.8072109520435333,0.16205316921696064,0.15872821956872935,0.1961685353890061,0.1888107806444168,-0.03411536617204547,-0.02899746224284175,-0.6252698102034628,-0.6532950475811958,16,0,0.0,0,0.0,16,100.0
pair_08,2,0.7529916055500507,0.7704148590564728,0.21996849123388523,0.2220004051923751,0.2577687622979283,0.24925106018781662,-0.03780027106404306,-0.035582512617111234,-0.5330231143161654,-0.5634651854634285,16,0,0.0,0,0.0,16,100.0
pair_08,3,0.7141531184315681,0.726577639579773,0.2249999204650521,0.22355537861585617,0.2907941360026598,0.28307878971099854,-0.06579421553760768,-0.05984589457511903,-0.489153197966516,-0.5114351063966751,16,0,0.0,0,0.0,16,100.0
pair_08,4,0.704663909971714,0.713239997625351,0.2919902363792062,0.28912048041820526,0.3214431479573249,0.31960301101207733,-0.029452911578118784,-0.028273031115531894,-0.41267367359250784,-0.4268858730792999,16,2,12.5,0,0.0,16,100.0
pair_08,5,0.6689565517008305,0.6782650947570801,0.28557219076901674,0.28159312903881073,0.30341105721890926,0.29887183010578156,-0.01783886644989252,-0.018167495727539035,-0.3833843609318137,-0.3926463797688484,16,4,25.0,0,0.0,16,100.0
pair_08,6,0.6416990682482719,0.6505537629127502,0.2686904016882181,0.2667408436536789,0.2914176154881715,0.28728489577770233,-0.02272721379995345,-0.020841822028160123,-0.3730086665600538,-0.37834498286247253,16,2,12.5,0,0.0,16,100.0
pair_08,7,0.6269657146185637,0.6350940465927124,0.2821366041898727,0.28184458613395685,0.2841294202953577,0.28430981934070587,-0.001992816105484973,-0.0004930794239044189,-0.34482911042869097,-0.34746013581752777,16,8,50.0,0,0.0,16,100.0
pair_08,8,0.5923161190003157,0.6024197340011597,0.26251048501580954,0.25899793207645416,0.2556673698127269,0.2563723921775818,0.0068431152030825615,0.006612583994865445,-0.32980563398450613,-0.3298908770084381,16,10,62.5,0,0.0,16,100.0
pair_08,9,0.5575380325317383,0.5668933987617493,0.2542904606088996,0.2484271004796028,0.23059031739830968,0.22677596658468246,0.023700143210589886,0.02012715488672255,-0.3032475719228387,-0.31198721379041683,16,14,87.5,0,0.0,16,100.0
pair_08,10,0.5050196405500174,0.5072512626647949,0.24756394047290084,0.24486968666315073,0.20708312001079315,0.20359215140342704,0.04048082046210766,0.03996323794126516,-0.25745570007711654,-0.26191097497940063,16,15,93.75,0,0.0,16,100.0
pair_08,11,0.44700478203594685,0.4458442628383636,0.24078103713691232,0.23594647645950315,0.17521234788000578,0.1742170304059982,0.06556868925690652,0.05596521496772765,-0.2062237448990345,-0.2073980867862702,16,16,100.0,1,6.25,16,100.0
pair_08,12,0.3410153817385435,0.3492511808872223,0.2443756805732846,0.22106686234474177,0.12102025467902419,0.12148837372660636,0.1233554258942604,0.09541137889027596,-0.09663970116525888,-0.12909356504678726,16,16,100.0,4,25.0,16,100.0
pair_08,13,0.18300886405631894,0.19280279427766794,0.2292456240393221,0.16353649646043775,0.04971395805478091,0.04929439350962635,0.17953166598454118,0.10967067070305345,0.04623675998300314,-0.028870381414890248,16,16,100.0,7,43.75,16,100.0
pair_08,14,0.16009021457284686,0.1663448885083198,0.2632350767962634,0.19567300379276276,0.04402193450368936,0.042442493140697396,0.21921314229257408,0.1605048943310976,0.10314486222341658,0.04005780816078189,16,16,100.0,10,62.5,16,100.0
pair_08,15,0.14738389104604718,0.1546598896384239,0.29952151142060757,0.24626778066158295,0.038471287931315545,0.037520091980695655,0.261050223489292,0.21592340804636484,0.15213762037456036,0.09974196553230286,16,16,100.0,13,81.25,16,100.0
pair_08,16,0.14054567320272324,0.1451774463057518,0.34549382515251637,0.3069993257522583,0.041191195370629395,0.038885336369276005,0.30430262978188694,0.27150856144726276,0.2049481519497931,0.15349152684211725,16,16,100.0,15,93.75,16,100.0
pair_08,17,0.13995221862569449,0.1430997624993324,0.41427886765450234,0.4019093811511993,0.0473893347661942,0.04812076501548285,0.36688953288830817,0.3531740307807922,0.2743266490288079,0.23096601665019983,16,16,100.0,16,100.0,16,100.0
pair_08,18,0.14660444902256128,0.14778777956962585,0.4706992693245411,0.46018780767917633,0.06037933821789914,0.062188895419239956,0.41031993110664194,0.3935078494250775,0.3240948203019798,0.2817397937178612,16,16,100.0,16,100.0,16,100.0
pair_08,19,0.1609882074408233,0.1613407954573631,0.5419655721634626,0.5372762382030487,0.08000954426825044,0.0811696723103523,0.4619560278952122,0.45088863745331764,0.3809773647226393,0.355061523616314,16,16,100.0,16,100.0,16,100.0
pair_08,20,0.1892324341461062,0.18766836076974863,0.6454166136682034,0.6453873515129089,0.11706433398649092,0.1163718998432159,0.5283522796817124,0.5348251089453697,0.45618417952209717,0.46107987314462673,16,16,100.0,16,100.0,16,100.0
pair_08,21,0.27346503268927336,0.26873330771923065,0.8651212640106678,0.8603852093219757,0.23365729395300147,0.22308485209941858,0.6314639700576663,0.6389812529087067,0.5916562313213944,0.5990182906389236,16,16,100.0,16,100.0,16,100.0
pair_08,22,0.2625358337536454,0.26055313646793365,0.8529129698872566,0.8466816544532776,0.22082011774182317,0.2189432755112648,0.6320928521454334,0.6402145475149155,0.5903771361336112,0.5987170785665512,16,16,100.0,16,100.0,16,100.0
pair_08,23,0.27624759916216135,0.2755187898874283,0.8576609529554844,0.8530908524990082,0.233159864321351,0.2292036041617393,0.6245010886341333,0.632505401968956,0.581413353793323,0.5862375944852829,16,16,100.0,16,100.0,16,100.0
pair_08,24,0.36833189241588116,0.36863699555397034,0.8647565692663193,0.8633527457714081,0.32182066515088076,0.322859838604927,0.5429359041154385,0.5461124032735825,0.4964246768504381,0.4933833181858063,16,16,100.0,16,100.0,16,100.0
pair_09,0,0.8898189626634121,0.8916407823562622,0.14479116047732526,0.11934314295649526,0.1540635917335748,0.1249153427779674,-0.00927243125624955,-0.004794705659151098,-0.7450278021860868,-0.7485441453754902,16,2,12.5,0,0.0,16,100.0
pair_09,1,0.8587352819740772,0.8556868135929108,0.15675633912906048,0.14159578830003736,0.17239634925499556,0.1471759602427482,-0.015640010125935074,-0.010035753250122043,-0.7019789428450167,-0.7181628122925758,16,0,0.0,0,0.0,16,100.0
pair_09,2,0.8247925452888012,0.8087432384490967,0.21808959823101756,0.21019595861434937,0.23998215142637486,0.22515381127595896,-0.02189255319535731,-0.015446446835994693,-0.6067029470577836,-0.6193886399269104,16,0,0.0,0,0.0,16,100.0
pair_09,3,0.7886156365275383,0.7751031816005707,0.22650791797786946,0.2196181863546371,0.265227722004056,0.25963087379932404,-0.03871980402618648,-0.031016379594802912,-0.5621077185496688,-0.5646757110953331,16,0,0.0,0,0.0,16,100.0
pair_09,4,0.7735902965068817,0.7624159455299377,0.29185968078672886,0.29483841359615326,0.3043302465230226,0.30441612005233765,-0.01247056573629379,-0.0086169242858887,-0.48173061572015285,-0.4885175973176956,16,5,31.25,0,0.0,16,100.0
pair_09,5,0.7396069169044495,0.7283671796321869,0.2852586023509502,0.2849298268556595,0.28719766438007355,0.2873489707708359,-0.0019390620291233132,-0.0026056766510010043,-0.4543483145534992,-0.45874667167663574,16,7,43.75,0,0.0,16,100.0
pair_09,6,0.7092240154743195,0.6962639391422272,0.2667876584455371,0.26723116636276245,0.27434446010738606,0.2754920125007629,-0.0075568016618490115,-0.004361972212791471,-0.44243635702878237,-0.4408742710947991,16,5,31.25,0,0.0,16,100.0
pair_09,7,0.6893219947814941,0.6749290525913239,0.280283423140645,0.2776821553707123,0.2751548234373331,0.27508148550987244,0.0051285997033119115,0.00041995942592618074,-0.4090385716408491,-0.4016689211130142,16,8,50.0,0,0.0,16,100.0
pair_09,8,0.6546595729887486,0.6395981907844543,0.2563239056617021,0.2517836317420005,0.24428085610270497,0.2452175691723823,0.012043049558997149,0.009434744715690654,-0.3983356673270464,-0.38995806872844696,16,13,81.25,0,0.0,16,100.0
pair_09,9,0.6178219243884087,0.596337080001831,0.24384939018636936,0.23486045747995377,0.22185892146080727,0.2229499891400337,0.021990468725562096,0.021565020084381104,-0.3739725342020393,-0.3602695688605309,16,14,87.5,0,0.0,16,100.0
pair_09,10,0.5639424454420805,0.5437814593315125,0.23761549871414897,0.2329555824398994,0.1942159757018089,0.1952797845005989,0.04339952301234006,0.0428620800375938,-0.3263269467279315,-0.3133669644594193,16,15,93.75,0,0.0,16,100.0
pair_09,11,0.5055611990392208,0.48263415694236755,0.226239669136703,0.22232286632061,0.16478834394365544,0.1680398881435394,0.06145132519304753,0.06264490634202954,-0.2793215299025178,-0.2545751482248306,16,15,93.75,0,0.0,16,100.0
pair_09,12,0.3865216495469212,0.36612366139888763,0.22592252353206274,0.1983898505568504,0.11023165425285693,0.10097444429993625,0.11569086927920581,0.0936708264052868,-0.16059912601485848,-0.1763568222522736,16,16,100.0,2,12.5,16,100.0
pair_09,13,0.2171237403526902,0.188547246158123,0.21315223863348362,0.1436028331518173,0.05488927825354034,0.0413927417248487,0.15826296037994328,0.10502352938055995,-0.003971501719206561,-0.0320259854197502,16,16,100.0,5,31.25,16,100.0
pair_09,14,0.19322696607559917,0.15969538688659665,0.241790821775794,0.18338549882173535,0.051743420423008446,0.0380124691873788,0.19004740135278556,0.14434140548110008,0.04856385570019485,0.028455488383770003,16,16,100.0,10,62.5,16,100.0
pair_09,15,0.17848222842440006,0.1444856375455856,0.275718726683408,0.23383364081382751,0.047877074335701715,0.0350614972412586,0.22784165234770629,0.1951911933720112,0.09723649825900796,0.08967401832342146,16,16,100.0,14,87.5,16,100.0
pair_09,16,0.17559301946312184,0.14497505128383636,0.3240517098456621,0.2909267991781235,0.05378227354958649,0.041411427780985804,0.2702694362960756,0.2502075918018818,0.14845869038254025,0.1308923587203026,16,16,100.0,15,93.75,16,100.0
pair_09,17,0.17955899424850938,0.14832639694213864,0.39128895197063684,0.3680187612771988,0.061882443958893356,0.05064274929463855,0.3294065080117435,0.3100818414241076,0.21172995772212747,0.21112698316574102,16,16,100.0,15,93.75,16,100.0
pair_09,18,0.18654992990195748,0.15627598762512201,0.44232451170682907,0.4215805381536484,0.0745253053028136,0.06445114687085145,0.3677992064040154,0.350759269669652,0.25577458180487156,0.2567521929740906,16,16,100.0,15,93.75,16,100.0
pair_09,19,0.20569003839045757,0.1833039373159408,0.5071614719927311,0.5031611323356628,0.09749031858518714,0.0871892571449279,0.40967115340754395,0.4115920849144459,0.30147143360227346,0.31341467797756195,16,16,100.0,15,93.75,16,100.0
pair_09,20,0.23365128319710488,0.2076438888907432,0.6108945608139038,0.6091819107532501,0.13681974122300739,0.12237203493714324,0.4740748195908964,0.48788366466760635,0.3772432776167989,0.40353982150554657,16,16,100.0,15,93.75,16,100.0
pair_09,21,0.31632145773619413,0.2924676388502121,0.8414274603128433,0.8452607989311218,0.26187624875456095,0.24212829023599625,0.5795512115582824,0.5850607454776764,0.5251060025766492,0.5259699076414108,16,16,100.0,16,100.0,16,100.0
pair_09,22,0.3046457413583994,0.282680481672287,0.8237589299678802,0.8308991193771362,0.2464349782094359,0.22694718837738034,0.5773239517584443,0.5821103751659393,0.5191131886094809,0.5273074060678482,16,16,100.0,16,100.0,16,100.0
pair_09,23,0.3155200267210603,0.29468555748462677,0.828634899109602,0.8367562890052795,0.25830359943211073,0.24026670306921,0.5703312996774912,0.5778333246707916,0.5131148723885417,0.5221061110496521,16,16,100.0,16,100.0,16,100.0
pair_09,24,0.39845115318894386,0.3787639886140823,0.8419068865478039,0.8490020036697388,0.3420664239674806,0.3279891312122345,0.4998404625803232,0.5075231343507767,0.44345573335886,0.4523806124925614,16,16,100.0,16,100.0,16,100.0
pair_10,0,0.8447106741368771,0.84507817029953,0.17387414863333103,0.1708858236670494,0.18920778203755614,0.18378644436597824,-0.0153336334042251,-0.012900620698928847,-0.670836525503546,-0.6906802132725716,16,2,12.5,0,0.0,16,100.0
pair_10,1,0.8124846182763577,0.8081827163696289,0.19130752515047786,0.18745552748441696,0.23244983423501248,0.21800862997770304,-0.041142309084534645,-0.03625729680061336,-0.6211770931258798,-0.6183852404356003,16,0,0.0,0,0.0,16,100.0
pair_10,2,0.7758218385279179,0.7658013701438904,0.24037552718073127,0.2433298602700233,0.2937200218439102,0.28677172958850855,-0.053344494663178935,-0.052320882678031935,-0.5354463113471866,-0.5146873742341995,16,0,0.0,0,0.0,16,100.0
pair_10,3,0.7374881505966187,0.7274113297462463,0.23989788908511397,0.2443764582276344,0.3177919499576091,0.31134921312332153,-0.07789406087249516,-0.0784400254487991,-0.49759026151150465,-0.4878118857741356,16,0,0.0,0,0.0,16,100.0
pair_10,4,0.7286620736122131,0.7160488069057465,0.2990043517202139,0.3049844950437546,0.33459319919347763,0.3369523733854294,-0.03558884747326373,-0.03569088876247406,-0.42965772189199924,-0.4138385951519013,16,0,0.0,0,0.0,16,100.0
pair_10,5,0.6906886175274849,0.6724771559238434,0.2887319689616561,0.29094624519348145,0.31062460318207735,0.31275883316993713,-0.021892634220421286,-0.023580789566039984,-0.4019566485658288,-0.3885302394628525,16,3,18.75,0,0.0,16,100.0
pair_10,6,0.6641237176954746,0.6465149521827698,0.26774072647094727,0.27058957517147064,0.29154227674007416,0.28648802638053894,-0.023801550269126896,-0.020309656858444214,-0.39638299122452736,-0.3797049969434738,16,1,6.25,0,0.0,16,100.0
pair_10,7,0.6485185101628304,0.6285639107227325,0.28269623406231403,0.2866123169660568,0.2827928066253662,0.28065815567970276,-9.657256305217743e-05,0.007238611578941373,-0.3658222761005163,-0.3519044369459152,16,9,56.25,0,0.0,16,100.0
pair_10,8,0.6152320727705956,0.5949440896511078,0.2631703941151499,0.26737046241760254,0.2504088478162884,0.2494516521692276,0.012761546298861507,0.022913776338100433,-0.3520616786554456,-0.337409183382988,16,10,62.5,0,0.0,16,100.0
pair_10,9,0.5793655104935169,0.55790114402771,0.25838004145771265,0.26235431432724,0.22597536724060768,0.22505231946706766,0.03240467421710494,0.039284832775592804,-0.32098546903580427,-0.298243060708046,16,14,87.5,0,0.0,16,100.0
pair_10,10,0.5234254654496908,0.5031248927116394,0.25797180179506535,0.26573468744754786,0.20234870072454209,0.19686691462993622,0.05562310107052326,0.0627320483326912,-0.2654536636546254,-0.240180253982544,16,16,100.0,0,0.0,16,100.0
pair_10,11,0.45245669409632683,0.4329032599925995,0.26570635754615063,0.27075493335723877,0.17440846376121039,0.16998015344142908,0.09129789378494026,0.0980907902121544,-0.18675033655017614,-0.1553237736225128,16,16,100.0,0,0.0,16,100.0
pair_10,12,0.3416004367172718,0.3284937292337417,0.2628160994499921,0.2603059411048889,0.12003132281824944,0.11319073289632794,0.14278477663174272,0.13241522014141083,-0.07878433726727964,-0.0732021629810333,16,16,100.0,2,12.5,16,100.0
pair_10,13,0.17795804142951963,0.1807575300335884,0.2462375131435692,0.180740475654602,0.04819204867817457,0.0465554259717464,0.19804546446539462,0.13236091844737524,0.06827947171404958,-0.0006249770522118031,16,16,100.0,8,50.0,16,100.0
pair_10,14,0.1465497058816254,0.150102861225605,0.2890553376637399,0.23435284942388535,0.04285820736549789,0.0416038557887077,0.246197130298242,0.19455005973577505,0.1425056317821145,0.08389299362897874,16,16,100.0,13,81.25,16,100.0
pair_10,15,0.12900068378075952,0.13221938908100123,0.3344103852286935,0.2868591547012329,0.03837195795495059,0.03710304945707315,0.29603842727374285,0.25123905949294567,0.20540970144793394,0.15592433884739873,16,16,100.0,15,93.75,16,100.0
pair_10,16,0.12497657630592582,0.1281580179929733,0.38590343575924635,0.34564752876758575,0.04251408705022182,0.0400648936629295,0.3433893487090245,0.3052662704139948,0.2609268594533205,0.21817742288112638,16,16,100.0,15,93.75,16,100.0
pair_10,17,0.13034148048609492,0.1318000108003616,0.46388418413698673,0.43867209553718567,0.05237205373123285,0.049780232831835705,0.41151213040575385,0.3881920799612999,0.3335427036508918,0.30418819934129715,16,16,100.0,16,100.0,16,100.0
pair_10,18,0.13832810008898372,0.14383000880479804,0.5144958943128586,0.5072912275791168,0.06376245105639097,0.06204930692911145,0.4507334432564676,0.438502062112093,0.3761677942238748,0.3597835898399354,16,16,100.0,16,100.0,16,100.0
pair_10,19,0.15919801499694583,0.16227066516876215,0.5881867613643408,0.5891059935092926,0.08645579172298308,0.0834317915141582,0.5017309696413577,0.49986087903380394,0.4289887463673949,0.4184976145625115,16,16,100.0,16,100.0,16,100.0
pair_10,20,0.18833331577479837,0.19161273539066315,0.69306306168437,0.6922865509986877,0.12462477106600996,0.12144136801362035,0.56843829061836,0.5694325864315033,0.5047297459095716,0.5037743300199509,16,16,100.0,16,100.0,16,100.0
pair_10,21,0.3075596345588565,0.296366810798645,0.9087433069944382,0.9101023077964783,0.27616482414305205,0.25438318401575083,0.6325784828513861,0.6355967968702316,0.6011836724355817,0.5967996567487717,16,16,100.0,16,100.0,16,100.0
pair_10,22,0.28592312522232527,0.2799825668334961,0.8958718217909336,0.8961367607116699,0.2527495706453919,0.23965661227703094,0.6431222511455417,0.638900488615036,0.6099486965686083,0.5992133468389511,16,16,100.0,16,100.0,16,100.0
pair_10,23,0.2920528827235102,0.28789231181144714,0.895085658878088,0.8959871530532837,0.2586731351912021,0.24730861186981196,0.6364125236868858,0.6326594352722168,0.6030327761545777,0.5906469523906708,16,16,100.0,16,100.0,16,100.0
pair_10,24,0.38033621013164515,0.37683556973934174,0.9003533013164997,0.9008671939373016,0.34407174773514265,0.3357972353696823,0.556281553581357,0.5507635623216629,0.5200170911848545,0.5163381844758987,16,16,100.0,16,100.0,16,100.0
pair_11,0,0.874799333512783,0.8638051450252533,0.1496815418358892,0.11407007649540896,0.16151359723880884,0.12659997120499605,-0.011832055402919657,-0.008325111120939248,-0.7251177916768938,-0.7319799363613129,16,2,12.5,0,0.0,16,100.0
pair_11,1,0.8276837542653084,0.7997569739818573,0.18234801385551688,0.1648536995053291,0.2020015171729028,0.18330882489681238,-0.019653503317385915,-0.018893033266067505,-0.6453357404097915,-0.6672175154089928,16,1,6.25,0,0.0,16,100.0
pair_11,2,0.7819690629839897,0.7600552141666412,0.22824287414550776,0.22334036976099014,0.25265756621956825,0.24386680126190186,-0.02441469207406046,-0.021962724626064314,-0.5537261888384819,-0.5583573579788208,16,2,12.5,0,0.0,16,100.0
pair_11,3,0.7311549186706543,0.7177878618240356,0.23802806250751016,0.23878747224807734,0.2894559539854526,0.2764896750450134,-0.05142789147794247,-0.04907412081956865,-0.4931268561631441,-0.508177824318409,16,1,6.25,0,0.0,16,100.0
pair_11,4,0.7069936618208885,0.7019484043121338,0.29475573450326914,0.2921530604362488,0.31623511016368866,0.31670692563056946,-0.021479375660419492,-0.02490304410457614,-0.4122379273176193,-0.41948792338371277,16,3,18.75,0,0.0,16,100.0
pair_11,5,0.6674325317144394,0.6629247069358826,0.28774850256741047,0.2851599305868149,0.29809354990720743,0.3013258427381515,-0.01034504733979701,-0.013445109128951999,-0.3796840291470289,-0.38035546243190765,16,5,31.25,0,0.0,16,100.0
pair_11,6,0.6367937177419662,0.626793771982193,0.270856861025095,0.27091866731643677,0.2819135142490268,0.28369714319705963,-0.011056653223931788,-0.012393489480018588,-0.36593685671687126,-0.3521716445684433,16,4,25.0,0,0.0,16,100.0
pair_11,7,0.6162545457482338,0.599855899810791,0.28727114573121065,0.2868283838033676,0.27891794592142105,0.2824588418006897,0.008353199809789656,0.003734469413757352,-0.32898340001702314,-0.3089317083358765,16,10,62.5,0,0.0,16,100.0
pair_11,8,0.5800242554396391,0.5609102547168732,0.26835717726498837,0.26778893172740936,0.2477390272542834,0.2495189383625984,0.020618150010704987,0.017485707998275757,-0.31166707817465067,-0.2891942709684372,16,13,81.25,0,0.0,16,100.0
pair_11,9,0.5410800147801638,0.5193097293376923,0.26082504075020546,0.2604803144931793,0.2252936828881502,0.22468549758195874,0.0355313578620553,0.03862447291612625,-0.28025497402995825,-0.25300709903240204,16,15,93.75,0,0.0,16,100.0
pair_11,10,0.4809568431228399,0.4595526456832886,0.25971549190580845,0.25946563482284546,0.20031514298170802,0.19761227816343307,0.0594003489241004,0.05936352163553239,-0.2212413512170315,-0.18854936957359317,16,15,93.75,0,0.0,16,100.0
pair_11,11,0.4288577735424042,0.4009983539581299,0.25997444149106735,0.2588087022304535,0.17365839798003432,0.1736786589026451,0.08631604351103304,0.0964065045118332,-0.1688833320513368,-0.12604221701622012,16,16,100.0,1,6.25,16,100.0
pair_11,12,0.3210686016827821,0.29343491792678833,0.25637309160083527,0.23752340674400324,0.11389096407219762,0.11187399551272384,0.14248212752863765,0.1337910927832127,-0.06469551008194686,-0.0396960973739624,16,16,100.0,5,31.25,16,100.0
pair_11,13,0.17439085152000186,0.1462314650416374,0.2351853912696242,0.17083699256181717,0.04121360206045205,0.041392169892787906,0.19397178920917216,0.1338563282042742,0.06079453974962233,0.029746640473604202,16,16,100.0,10,62.5,16,100.0
pair_11,14,0.1548172398470342,0.1311311200261116,0.26720617432147264,0.21165739744901654,0.0364019619300961,0.0342867132276296,0.23080421239137652,0.17854710109531885,0.11238893447443844,0.08596574142575264,16,16,100.0,13,81.25,16,100.0
pair_11,15,0.14610991347581145,0.12319482490420336,0.3076611859723925,0.255933053791523,0.0341756512643769,0.034029746428132,0.2734855347080156,0.22699757106602195,0.16155127249658108,0.14191344752907756,16,16,100.0,14,87.5,16,100.0
pair_11,16,0.14784459164366123,0.12178000807762146,0.35373208159580827,0.3156704902648926,0.040658266167156336,0.0421652011573314,0.3130738154286519,0.27766229305416346,0.20588748995214703,0.1968454197049141,16,16,100.0,15,93.75,16,100.0
pair_11,17,0.15676536923274392,0.1308754459023475,0.42506192810833454,0.40866561233997345,0.05190775776281947,0.0529525894671678,0.37315417034551507,0.35627311281859886,0.26829655887559056,0.27711814641952526,16,16,100.0,15,93.75,16,100.0
pair_11,18,0.16591542633250353,0.13964150846004486,0.4777103243395686,0.47470423579216003,0.06451516621746119,0.06629011034965515,0.41319515812210744,0.41001220792531967,0.31179489800706506,0.3352106362581253,16,16,100.0,15,93.75,16,100.0
pair_11,19,0.1843504179269075,0.16240826249122614,0.5519011318683624,0.5549032390117645,0.08886953210458155,0.08998389542102811,0.4630315997637809,0.4678345620632172,0.3675507139414549,0.39552120119333267,16,16,100.0,15,93.75,16,100.0
pair_11,20,0.21924633160233492,0.1961343809962272,0.6691927537322044,0.6696906983852386,0.13721956172958014,0.1371874883770942,0.5319731920026243,0.5267396420240402,0.44994642212986946,0.4627314358949661,16,16,100.0,15,93.75,16,100.0
pair_11,21,0.3519910089671612,0.33976519107818604,0.881439134478569,0.8909916579723358,0.3035156847909093,0.2927110493183136,0.5779234496876597,0.6018120795488358,0.5294481255114079,0.5607746690511703,16,16,100.0,16,100.0,16,100.0
pair_11,22,0.32895552925765514,0.321086585521698,0.8644765019416809,0.8752451241016388,0.27985391672700644,0.27942846715450287,0.5846225852146745,0.603640727698803,0.5355209726840258,0.5614027231931686,16,16,100.0,16,100.0,16,100.0
pair_11,23,0.3379649166017771,0.32990179955959315,0.8627919033169746,0.8741056323051453,0.2886808002367615,0.29012432694435114,0.5741111030802131,0.5931553840637207,0.5248269867151976,0.5541786998510361,16,16,100.0,16,100.0,16,100.0
pair_11,24,0.40601542778313154,0.40110750496387476,0.8693825863301754,0.8782296180725098,0.3568756189197302,0.3600154370069504,0.5125069674104452,0.5276924520730972,0.4633671585470438,0.48262782394886017,16,16,100.0,16,100.0,16,100.0
pair_12,0,0.8693361394107342,0.892687976360321,0.15051129576750097,0.1379517316818237,0.163077300414443,0.14317093789577479,-0.012566004646942026,-0.0036221370100975037,-0.7188248436432332,-0.7507410943508148,16,3,18.75,0,0.0,16,100.0
pair_12,1,0.8412950932979584,0.8576953113079071,0.158930167555809,0.15448780357837677,0.1915280879475176,0.17089967429637903,-0.03259792039170862,-0.026783235371112837,-0.6823649257421494,-0.7110504135489464,16,0,0.0,0,0.0,16,100.0
pair_12,2,0.8175726383924484,0.8244949877262115,0.2117175357416272,0.20386436581611628,0.2557743145152926,0.2370291501283645,-0.04405677877366543,-0.03792425990104675,-0.6058551026508212,-0.6291006803512573,16,0,0.0,0,0.0,16,100.0
pair_12,3,0.7827717959880829,0.7905320525169373,0.21656872704625127,0.21381604671478271,0.2865297831594944,0.2779203951358795,-0.0699610561132431,-0.06429095566272736,-0.5662030689418316,-0.5859081298112869,16,0,0.0,0,0.0,16,100.0
pair_12,4,0.7731743901968002,0.7827132344245911,0.2812561606988311,0.28299410641193384,0.32158766780048603,0.3099923282861709,-0.04033150710165499,-0.03830438852310178,-0.49191822949796915,-0.5056475698947906,16,0,0.0,0,0.0,16,100.0
pair_12,5,0.7374878637492657,0.7492393553256989,0.27161357924342155,0.27856598794460297,0.30031500756740565,0.294731080532074,-0.028701428323984146,-0.028057605028152494,-0.4658742845058441,-0.478695273399353,16,1,6.25,0,0.0,16,100.0
pair_12,6,0.7019931264221668,0.7175910174846649,0.25512695591896767,0.2572516649961471,0.2868217658251524,0.2812558710575104,-0.03169480990618468,-0.03021536022424695,-0.44686617050319916,-0.4578104466199875,16,0,0.0,0,0.0,16,100.0
pair_12,7,0.6795614138245583,0.6955730319023132,0.26643368508666754,0.2699926048517227,0.2792408671230077,0.27625976502895355,-0.012807182036340228,-0.013895995914936038,-0.4131277287378907,-0.42180235683918,16,3,18.75,0,0.0,16,100.0
pair_12,8,0.6410030350089073,0.6560240685939789,0.24623455479741094,0.24977647513151163,0.25207909755408764,0.25105296075344086,-0.0058445427566766826,-0.006532102823257377,-0.3947684802114964,-0.40072211623191833,16,6,37.5,0,0.0,16,100.0
pair_12,9,0.5971922762691975,0.6100172102451324,0.23753205407410857,0.2397811412811279,0.22913408651947972,0.23002143204212186,0.008397967554628835,0.006148941814899445,-0.3596602221950889,-0.36322759836912155,16,11,68.75,0,0.0,16,100.0
pair_12,10,0.5320094544440508,0.537278413772583,0.23195853736251587,0.2299255579710006,0.20362818147987125,0.19987757503986353,0.02833035588264464,0.02184369415044786,-0.3000509170815349,-0.3044137954711915,16,14,87.5,0,0.0,16,100.0
pair_12,11,0.4609574656933546,0.45675721764564514,0.2280707405880093,0.22324252873659134,0.1727075111120939,0.17033582180738444,0.05536322947591543,0.0475292578339576,-0.23288672510534528,-0.22871559113264084,16,16,100.0,0,0.0,16,100.0
pair_12,12,0.3479305896908044,0.3401201218366623,0.2158969491720199,0.1906259953975677,0.12148193223401901,0.11687392741441725,0.09441501693800092,0.06979192048311234,-0.13203364051878452,-0.1450421735644341,16,15,93.75,2,12.5,16,100.0
pair_12,13,0.19371760590001938,0.1906315833330154,0.18295760732144112,0.1362078040838241,0.06250886619091027,0.0475152172148227,0.12044874113053085,0.08576551452279095,-0.010759998578578261,-0.057518042623996735,16,15,93.75,2,12.5,16,100.0
pair_12,14,0.17180455522611734,0.16403182595968246,0.22126258630305523,0.17960973083972925,0.05851278896443541,0.041999362409114796,0.16274979733861983,0.13227760791778564,0.049458031076937886,0.017218485474586445,16,15,93.75,9,56.25,16,100.0
pair_12,15,0.15942059969529504,0.15198167413473124,0.24953596293926236,0.20984947681427002,0.053752992767840575,0.0379508957266807,0.19578297017142177,0.16685575433075428,0.09011536324396731,0.048443496227264446,16,15,93.75,13,81.25,16,100.0
pair_12,16,0.1576123815029859,0.15226802974939346,0.3006967147812247,0.26688410341739655,0.05839917622506614,0.0429970901459455,0.24229753855615854,0.2184439916163683,0.1430843332782388,0.09807723760604858,16,15,93.75,14,87.5,16,100.0
pair_12,17,0.16164066828787324,0.1644284352660179,0.38481660187244415,0.3694063723087311,0.06797859119251366,0.056305194273591,0.31683801067993045,0.3038260638713838,0.2231759335845709,0.18725258857011795,16,16,100.0,16,100.0,16,100.0
pair_12,18,0.172995806671679,0.1750955730676651,0.43628982082009315,0.42705041170120234,0.08142832014709707,0.07048511132597915,0.35486150067299604,0.3459854312241078,0.26329401414841413,0.2390237376093864,16,16,100.0,16,100.0,16,100.0
pair_12,19,0.18940844386816022,0.1997916772961616,0.5199351496994495,0.5194761753082275,0.10256089735776182,0.0952830202877521,0.4173742523416877,0.4156513772904873,0.3305267058312893,0.3155020996928216,16,16,100.0,16,100.0,16,100.0
pair_12,20,0.21781205944716928,0.22652887552976606,0.6474600285291672,0.6500513255596161,0.14317721035331485,0.13712015002965922,0.5042828181758523,0.4987789988517761,0.42964796908199787,0.4241314083337784,16,16,100.0,16,100.0,16,100.0
pair_12,21,0.27742584794759745,0.28864096105098724,0.88663025572896,0.8901817202568054,0.2449160926043987,0.24434387683868405,0.6417141631245613,0.6279334425926208,0.6092044077813625,0.5908154100179672,16,16,100.0,16,100.0,16,100.0
pair_12,22,0.27254924550652504,0.28360915184020996,0.8705950453877449,0.8738386631011963,0.23621877562254665,0.23173628747463226,0.6343762697651982,0.6245947927236557,0.5980457998812199,0.5846942961215973,16,16,100.0,16,100.0,16,100.0
pair_12,23,0.2940198825672269,0.30282616615295405,0.8746064938604832,0.8770622313022614,0.256420130841434,0.2545509934425354,0.6181863630190492,0.6095022037625313,0.5805866112932563,0.5717799514532089,16,16,100.0,16,100.0,16,100.0
pair_12,24,0.38214685767889023,0.386838436126709,0.8797749169170856,0.8807984888553619,0.34233093075454235,0.3387252241373062,0.5374439861625433,0.5300694853067398,0.4976280592381954,0.49303093552589417,16,16,100.0,16,100.0,16,100.0
pair_13,0,0.8573223948478699,0.8591130077838898,0.07320237587555307,0.07838544249534604,0.07088614263921043,0.08341381326317784,0.0023162332363426447,-0.0033060908317565987,-0.7841200189723168,-0.7803157866001129,16,7,43.75,0,0.0,16,100.0
pair_13,1,0.7800320908427238,0.7801177203655243,0.1277785610873252,0.12631175667047495,0.17012328095734117,0.17304657399654386,-0.04234471987001597,-0.04549319669604299,-0.6522535297553986,-0.651447955518961,16,0,0.0,0,0.0,16,100.0
pair_13,2,0.7028271928429604,0.7038398385047913,0.18093760637566444,0.18792642652988428,0.22956532984971997,0.2337696030735969,-0.04862772347405553,-0.04807998985052106,-0.5218895864672959,-0.5168521255254745,16,0,0.0,0,0.0,16,100.0
pair_13,3,0.623881820589304,0.6269411444664001,0.2101889187470078,0.20998800545930862,0.31415045727044344,0.31273794174194336,-0.10396153852343562,-0.10416376590728765,-0.4136929018422962,-0.4171087294816971,16,0,0.0,0,0.0,16,100.0
pair_13,4,0.6033463887870312,0.6033759713172913,0.26953848823904986,0.26577301323413843,0.3112427908927202,0.3107161968946457,-0.041704302653670325,-0.0470246896147728,-0.3338079005479813,-0.33715730905532837,16,1,6.25,0,0.0,16,100.0
pair_13,5,0.5469799526035786,0.546300858259201,0.2647722708061337,0.263791099190712,0.2896135887131095,0.2921449989080429,-0.024841317906975764,-0.026076242327690152,-0.2822076817974449,-0.28670538961887365,16,1,6.25,0,0.0,16,100.0
pair_13,6,0.5252158045768738,0.5263944864273071,0.24841844663023946,0.24961273372173304,0.285967618227005,0.2843707352876663,-0.03754917159676553,-0.03522405028343199,-0.2767973579466343,-0.2778244912624359,16,1,6.25,0,0.0,16,100.0
pair_13,7,0.5079259499907494,0.5096913874149323,0.2625447493046522,0.26459200680255884,0.27531304582953453,0.27495981752872467,-0.012768296524882318,-0.012784793972969027,-0.24538120068609717,-0.24246889352798462,16,4,25.0,0,0.0,16,100.0
pair_13,8,0.4714357368648052,0.4713735580444336,0.24423857685178516,0.24315211176872248,0.25521870423108334,0.2547095715999603,-0.010980127379298188,-0.011479735374450697,-0.22719716001302004,-0.22791577875614166,16,5,31.25,0,0.0,16,100.0
pair_13,9,0.4450001996010542,0.44151242077350616,0.2334060007706284,0.22997024655342096,0.2315155882388353,0.22959857434034345,0.0018904125317931002,-0.001188516616821303,-0.21159419883042577,-0.20891766995191574,16,8,50.0,0,0.0,16,100.0
pair_13,10,0.40145912393927574,0.3964894264936447,0.2226596092805266,0.2200412899255752,0.2136374721303582,0.20886888355016703,0.00902213715016842,0.009142979979515103,-0.1787995146587491,-0.17237606644630435,16,9,56.25,0,0.0,16,100.0
pair_13,11,0.3819880485534668,0.38734178245067596,0.21866682730615136,0.21504376828670502,0.18040220811963079,0.17870058119297028,0.038264619186520576,0.038546174764633206,-0.1633212212473154,-0.15606574714183807,16,16,100.0,0,0.0,16,100.0
pair_13,12,0.29347673431038857,0.2968147248029709,0.21657139342278237,0.1916965022683143,0.1325880624353885,0.12060730159282679,0.08398333098739384,0.07139353454113005,-0.07690534088760617,-0.09271066635847097,16,15,93.75,2,12.5,16,100.0
pair_13,13,0.16331315552815792,0.17092373222112656,0.19804065115749833,0.13938371092081064,0.07863329234533008,0.04487777501344675,0.11940735881216824,0.0935536976903677,0.03472749562934042,-0.03164632618427281,16,15,93.75,2,12.5,16,100.0
pair_13,14,0.14713419275358317,0.1553532406687736,0.22878873534500596,0.17288843542337415,0.07411659928038711,0.0414736177772283,0.15467213606461885,0.13053975254297254,0.0816545425914228,0.02011248469352725,16,15,93.75,11,68.75,16,100.0
pair_13,15,0.14132591104134912,0.14811200648546213,0.26739865168929094,0.21782679110765452,0.0675397069426253,0.036157429218292195,0.19985894474666566,0.17787926644086835,0.12607274064794183,0.06936190277338024,16,15,93.75,16,100.0,16,100.0
pair_13,16,0.15233053732663387,0.1572073176503181,0.3204082380980253,0.2821468859910965,0.07260795426554974,0.0427457671612501,0.24780028383247554,0.2340624667704106,0.16807770077139142,0.12223370373249061,16,15,93.75,16,100.0,16,100.0
pair_13,17,0.1845609452575445,0.19066748023033142,0.3962345402687788,0.37451644241809845,0.08967515733093019,0.06465818360447881,0.30655938293784857,0.30123183503746986,0.21167359501123428,0.1821824908256531,16,15,93.75,16,100.0,16,100.0
pair_13,18,0.1997719025239348,0.20521161705255503,0.44512045197188854,0.434884250164032,0.10387368965893981,0.080676969140768,0.3412467623129487,0.3404952622950077,0.2453485494479537,0.22505319118499761,16,15,93.75,16,100.0,16,100.0
pair_13,19,0.2330418145284056,0.2383084744215011,0.5144673455506563,0.5072682499885559,0.13310812739655373,0.11254905164241785,0.38135921815410256,0.37904358655214304,0.2814255310222507,0.26027892529964447,16,16,100.0,16,100.0,16,100.0
pair_13,20,0.3075357433408499,0.3139104843139648,0.6350212134420872,0.6344811618328094,0.20675211586058137,0.19114270061254496,0.4282690975815058,0.4254232347011566,0.3274854701012373,0.30239592492580414,16,16,100.0,16,100.0,16,100.0
pair_13,21,0.4681928902864456,0.4787624925374985,0.8888202458620071,0.8849859833717346,0.4134571924805641,0.42057716846466064,0.475363053381443,0.4716462641954422,0.4206273555755615,0.409844696521759,16,16,100.0,16,100.0,16,100.0
pair_13,22,0.429637361317873,0.4353899210691452,0.870183676481247,0.8650392889976501,0.3750532679259777,0.38177330791950226,0.49513040855526924,0.4886060357093811,0.44054631516337395,0.43442536890506744,16,16,100.0,16,100.0,16,100.0
pair_13,23,0.44162849895656103,0.452629879117012,0.8694880455732346,0.86308953166008,0.38522916845977306,0.39209824800491333,0.4842588771134615,0.47480161488056183,0.42785954661667347,0.4244769215583801,16,16,100.0,16,100.0,16,100.0
pair_13,24,0.4827504623681307,0.49246183037757874,0.8744577877223492,0.8685608506202698,0.43033769726753235,0.4329986125230789,0.4441200904548168,0.4365108907222748,0.3917073253542185,0.3886164426803589,16,16,100.0,16,100.0,16,100.0
pair_14,0,0.8093890324234962,0.8270396888256073,0.18431595992296929,0.1597761735320091,0.21169958123937246,0.18120126426219935,-0.027383621316403157,-0.02362470328807835,-0.6250730725005269,-0.6347490400075912,16,0,0.0,0,0.0,16,100.0
pair_14,1,0.77226871997118,0.7856524884700775,0.20012266654521224,0.1812825947999954,0.2515719849616289,0.23090688884258265,-0.05144931841641665,-0.04119376093149185,-0.5721460534259677,-0.5796554982662201,16,0,0.0,0,0.0,16,100.0
pair_14,2,0.7226206511259079,0.7353003919124603,0.23954686522483823,0.23293154686689374,0.30307748075574636,0.28451134264469147,-0.06353061553090811,-0.058117493987083435,-0.48307378590106964,-0.4916769117116928,16,0,0.0,0,0.0,16,100.0
pair_14,3,0.6722310222685337,0.6883935928344727,0.24137710966169834,0.24060081690549845,0.3424568753689527,0.33150604367256165,-0.1010797657072544,-0.0930590108036995,-0.43085391260683537,-0.44266532361507416,16,0,0.0,0,0.0,16,100.0
pair_14,4,0.6573445834219456,0.6732893586158752,0.297238877043128,0.29664383828639984,0.3499265778809786,0.3437645733356476,-0.05268770083785057,-0.045836225152015714,-0.36010570637881756,-0.3796323537826538,16,1,6.25,0,0.0,16,100.0
pair_14,5,0.6159658245742321,0.6348056793212891,0.2840156564489007,0.28789477050304413,0.32134525291621685,0.3180485963821411,-0.037329596467316165,-0.030999600887298612,-0.3319501681253314,-0.35202328860759735,16,3,18.75,0,0.0,16,100.0
pair_14,6,0.5862995199859142,0.5995198786258698,0.26870501134544605,0.27079910039901733,0.3048959616571664,0.30076636373996735,-0.03619095031172038,-0.02958695590496066,-0.3175945086404682,-0.3355896919965744,16,3,18.75,0,0.0,16,100.0
pair_14,7,0.5672578029334545,0.5780894756317139,0.2823205068707466,0.28082072734832764,0.2896670699119568,0.2845032513141632,-0.007346563041210171,-0.0037734657526015958,-0.2849372960627079,-0.30058740079402924,16,6,37.5,0,0.0,16,100.0
pair_14,8,0.5267935022711754,0.5385485887527466,0.26408039685338736,0.2589459717273712,0.2570904772728681,0.25336042046546936,0.006989919580519208,0.009276576340198489,-0.26271310541778803,-0.27960261702537537,16,10,62.5,0,0.0,16,100.0
pair_14,9,0.486613055691123,0.49401845037937164,0.25942392181605095,0.25509336590766907,0.23194792401045555,0.22949019074439994,0.027475997805595405,0.025567360222339602,-0.22718913387507203,-0.2401078343391419,16,12,75.0,0,0.0,16,100.0
pair_14,10,0.42287543043494225,0.4296913892030716,0.25977838505059475,0.257302463054657,0.20232017058879134,0.19654488563537595,0.057458214461803436,0.04884514957666394,-0.16309704538434744,-0.17673166096210483,16,14,87.5,0,0.0,16,100.0
pair_14,11,0.36184567026793957,0.36576415598392487,0.2744803866371512,0.2669614851474762,0.17269411496818063,0.1669621169567108,0.10178627166897058,0.08976973593235019,-0.08736528363078834,-0.11157786846160883,16,16,100.0,3,18.75,16,100.0
pair_14,12,0.26706263516098255,0.2663603574037552,0.26336062047630543,0.2524294406175613,0.11559090716764327,0.1089471690356731,0.14776971330866218,0.13166622444987294,-0.003702014684677124,-0.024805307388305664,16,16,100.0,7,43.75,16,100.0
pair_14,13,0.13884605001658198,0.1418137028813362,0.22499194648116821,0.194530077278614,0.04458374530076975,0.04505039192736145,0.18040820118039846,0.14824685826897627,0.08614589646458626,0.056634269654750796,16,16,100.0,11,68.75,16,100.0
pair_14,14,0.12213776120916005,0.12641331925988195,0.28381930757313967,0.25816215574741364,0.04366293130442496,0.0419034902006387,0.2401563762687147,0.21019584871828556,0.16168154636397958,0.12440912425518033,16,16,100.0,16,100.0,16,100.0
pair_14,15,0.11112354183569546,0.11337165907025334,0.324638357385993,0.3038259595632553,0.03942439809907223,0.03829491883516305,0.2852139592869207,0.26371459662914276,0.21351481555029753,0.18544301763176918,16,16,100.0,16,100.0,16,100.0
pair_14,16,0.11352678807452317,0.11482285335659981,0.3808546923100948,0.36536490917205805,0.04443053668364879,0.04252629727125165,0.336424155626446,0.31807504408061504,0.2673279042355716,0.24462434649467465,16,16,100.0,16,100.0,16,100.0
pair_14,17,0.12462706491351123,0.12307450920343399,0.4660732466727495,0.4549691379070282,0.05509655503556128,0.0506411269307136,0.4109766916371882,0.40435706265270716,0.34144618175923824,0.32965997606515884,16,16,100.0,16,100.0,16,100.0
pair_14,18,0.13651708373799917,0.13240006566047666,0.5265527069568634,0.52309849858284,0.06908176536671812,0.0644778981804847,0.4574709415901453,0.4499031081795693,0.3900356232188642,0.37402813881635666,16,16,100.0,16,100.0,16,100.0
pair_14,19,0.16224686615169046,0.1580588892102241,0.6067750565707684,0.5980401039123535,0.09489269694313401,0.09252247214317316,0.5118823596276343,0.5100455209612846,0.4445281904190779,0.4467270970344544,16,16,100.0,16,100.0,16,100.0
pair_14,20,0.20887737348675725,0.198469266295433,0.7222392484545708,0.7159246504306793,0.14657256146892902,0.13998167216777796,0.5756666869856417,0.5737332627177238,0.5133618749678135,0.5129148215055466,16,16,100.0,16,100.0,16,100.0
pair_14,21,0.3464791486039757,0.33853258192539215,0.9122977517545223,0.9135433435440063,0.3140336098149419,0.30299089848995203,0.5982641419395804,0.6016688942909241,0.5658186031505466,0.5700057446956635,16,16,100.0,16,100.0,16,100.0
pair_14,22,0.32243496179580683,0.3088806271553039,0.9040401801466942,0.9026937782764435,0.28847609180957073,0.272821307182312,0.6155640883371234,0.6214841902256012,0.5816052183508873,0.5840314179658892,16,16,100.0,16,100.0,16,100.0
pair_14,23,0.3357562301680445,0.32647310197353363,0.9068497866392136,0.9026423394680023,0.30153698287904257,0.288674533367157,0.6053128037601709,0.6092884093523026,0.571093556471169,0.5752841085195541,16,16,100.0,16,100.0,16,100.0
pair_14,24,0.4069330282509327,0.4003710150718689,0.9099252112209797,0.9065996408462524,0.3713015280663967,0.36190544068813324,0.538623683154583,0.5423948615789413,0.502992182970047,0.5054230242967606,16,16,100.0,16,100.0,16,100.0
pair_15,0,0.8961143344640732,0.8999081552028656,0.13148006005212662,0.12923617660999295,0.13570196111686525,0.1297597140073776,-0.004221901064738629,-0.0037938356399535994,-0.7646342744119465,-0.7516247406601906,16,2,12.5,0,0.0,16,100.0
pair_15,1,0.8645874038338661,0.8660286068916321,0.1493498450145125,0.14766822755336761,0.1637975508347153,0.16499184072017664,-0.014447705820202822,-0.011772133409976938,-0.7152375588193536,-0.7010241225361824,16,0,0.0,0,0.0,16,100.0
pair_15,2,0.8310722596943378,0.8319852352142334,0.22460653446614737,0.22961795330047605,0.2512356955558061,0.25389261543750763,-0.026629161089658748,-0.025301985442638356,-0.6064657252281904,-0.600118450820446,16,0,0.0,0,0.0,16,100.0
pair_15,3,0.7939283177256584,0.7938530743122101,0.2391408002004027,0.24459411948919296,0.277427326887846,0.2887764275074005,-0.03828652668744327,-0.03425737470388415,-0.5547875175252557,-0.5660552233457565,16,0,0.0,0,0.0,16,100.0
pair_15,4,0.7777581438422203,0.7816091477870941,0.30619288608431816,0.31041067838668823,0.31956659443676466,0.3253915309906006,-0.013373708352446537,-0.01342447102069852,-0.47156525775790215,-0.4792918264865875,16,3,18.75,0,0.0,16,100.0
pair_15,5,0.7392237782478333,0.7401673197746277,0.29952389467507595,0.3006367087364197,0.30234004743397236,0.30379197001457214,-0.002816152758896358,-0.005354806780815152,-0.43969988357275724,-0.44158539175987244,16,6,37.5,0,0.0,16,100.0
pair_15,6,0.7085146084427834,0.7072059512138367,0.2768957335501909,0.27614216506481165,0.2847883338108659,0.2902897000312805,-0.007892600260674941,-0.006658166646957356,-0.43161887489259243,-0.43902765214443207,16,4,25.0,0,0.0,16,100.0
pair_15,7,0.6857620291411877,0.6892154812812805,0.28827620670199394,0.2847467064857483,0.2818102790042758,0.28300863504409784,0.006465927697718147,0.007447384297847803,-0.3974858224391937,-0.409792423248291,16,11,68.75,0,0.0,16,100.0
pair_15,8,0.6490560155361891,0.6547327041625977,0.26887733209878206,0.2635519206523895,0.2536749644204974,0.25004652887582773,0.015202367678284645,0.011790841817855821,-0.380178683437407,-0.39253027737140656,16,13,81.25,0,0.0,16,100.0
pair_15,9,0.608591491356492,0.6105466783046722,0.25666708126664156,0.24471978098154065,0.23102542199194426,0.22636610269546506,0.02564165927469731,0.014952257275581388,-0.3519244100898504,-0.3733140155673027,16,15,93.75,0,0.0,16,100.0
pair_15,10,0.5479028429836035,0.5542814135551453,0.2471271716058254,0.2291033267974853,0.20338078215718264,0.20396427065134043,0.043746389448642745,0.02811605483293536,-0.30077567137777805,-0.33744058758020407,16,15,93.75,0,0.0,16,100.0
pair_15,11,0.48175728507339954,0.49785351753234863,0.23825207725167272,0.2223509550094604,0.1700945924967527,0.16751638054847717,0.06815748475492,0.05539236217737195,-0.24350520782172683,-0.2821785509586334,16,16,100.0,1,6.25,16,100.0
pair_15,12,0.36252144165337086,0.35089021921157837,0.24073110939934847,0.21042487770318985,0.11438020272180434,0.11098560690879816,0.12635090667754414,0.09793774038553246,-0.12179033225402235,-0.13348457962274551,16,16,100.0,4,25.0,16,100.0
pair_15,13,0.19257260672748083,0.19960801303386683,0.23945172037929294,0.15326417237520215,0.04551657265983518,0.04500762745738025,0.19393514771945775,0.1062166914343834,0.04687911365181209,-0.045294567942619296,16,16,100.0,6,37.5,16,100.0
pair_15,14,0.17136371601372952,0.17338004708290095,0.26508028339594597,0.19055197387933726,0.04193140775896604,0.043233321979641845,0.22314887563697994,0.1438711155205965,0.09371656738221647,-0.0026488304138183594,16,16,100.0,8,50.0,16,100.0
pair_15,15,0.15630845027044413,0.15745454281568527,0.29847539169713855,0.2446736395359039,0.03696119866799558,0.0372344590723514,0.26151419302914297,0.202553927898407,0.14216694142669442,0.07182803750038146,16,16,100.0,10,62.5,16,100.0
pair_15,16,0.15470838872715828,0.1567447483539581,0.34076363965868944,0.29927761852741236,0.041046215221285764,0.0403631888329982,0.2997174244374037,0.25431922636926174,0.1860552509315312,0.1341035440564155,16,16,100.0,12,75.0,16,100.0
pair_15,17,0.16304322937503454,0.1690964326262474,0.40025541465729475,0.37915594875812525,0.05069913319312032,0.0486733447760343,0.3495562814641744,0.32716512493789196,0.23721218528226018,0.21005951613187784,16,16,100.0,14,87.5,16,100.0
pair_15,18,0.17471783794462678,0.1800239235162735,0.44565024226903915,0.43520545959472656,0.0642933354247361,0.06279429420828815,0.381356906844303,0.36950065568089496,0.27093240432441235,0.25518153607845306,16,16,100.0,14,87.5,16,100.0
pair_15,19,0.1925370981916785,0.1945952922105789,0.5023011844605207,0.5034424662590027,0.08456204691901799,0.0812562480568885,0.4177391375415027,0.41792081296443945,0.3097640862688422,0.30884717404842377,16,16,100.0,15,93.75,16,100.0
pair_15,20,0.21710275486111635,0.21005631983280176,0.5883475318551064,0.573459267616272,0.12032052921131249,0.11773226037621495,0.4680270026437938,0.46231962367892265,0.37124477699398994,0.3645897954702378,16,16,100.0,16,100.0,16,100.0
pair_15,21,0.2654682276770472,0.24984920024871826,0.8118420764803886,0.8018495440483093,0.2129988772794604,0.20056686550378794,0.5988431992009282,0.6031281352043152,0.5463738488033414,0.5583669170737267,16,16,100.0,16,100.0,16,100.0
pair_15,22,0.26998572144657373,0.2513953596353531,0.7956632077693939,0.7852450609207153,0.21246870514005417,0.20753338187932963,0.5831945026293397,0.5885246247053146,0.5256774863228202,0.5326669961214066,16,16,100.0,16,100.0,16,100.0
pair_15,23,0.2906031059101224,0.28082552552223206,0.8067791722714901,0.798250675201416,0.23161419108510015,0.22363862395286555,0.5751649811863899,0.5776125714182854,0.5161760663613677,0.5147736668586731,16,16,100.0,16,100.0,16,100.0
pair_15,24,0.3819170873612165,0.37902161478996277,0.8216044045984745,0.8128488063812256,0.321714349091053,0.31231364607810974,0.4998900555074215,0.49512501060962677,0.43968731723725796,0.4269606769084931,16,16,100.0,16,100.0,16,100.0
pair_16,0,0.8429541029036045,0.8390941023826599,0.10646925144828852,0.1104910112917423,0.11210976075381036,0.11644263565540311,-0.005640509305521839,-0.005139011889696149,-0.736484851455316,-0.7268347479403019,16,1,6.25,0,0.0,16,100.0
pair_16,1,0.8143251650035381,0.810539573431015,0.13895598612725732,0.14730062335729593,0.15780763654038307,0.16633904725313187,-0.01885165041312576,-0.017599586397409453,-0.6753691788762808,-0.664644543081522,16,0,0.0,0,0.0,16,100.0
pair_16,2,0.796056117862463,0.787972629070282,0.20257817208766932,0.20172017067670814,0.23039041738957164,0.232279784977436,-0.0278122453019023,-0.030298985540866852,-0.5934779457747936,-0.5811702758073807,16,0,0.0,0,0.0,16,100.0
pair_16,3,0.7616636343300343,0.751117616891861,0.21065689343959088,0.21221847832202906,0.26586955133825535,0.26697480678558344,-0.05521265789866449,-0.06038323044776915,-0.5510067408904433,-0.5443434417247772,16,0,0.0,0,0.0,16,100.0
pair_16,4,0.7537035755813122,0.7462989687919617,0.2791137164458632,0.2831045091152191,0.3060021083801984,0.3072106093168258,-0.02688839193433523,-0.02705685794353485,-0.47458985913544893,-0.4843895807862282,16,0,0.0,0,0.0,16,100.0
pair_16,5,0.7174321487545967,0.7123040556907654,0.2743483874946832,0.27684189379215235,0.2913796603679657,0.2935958504676819,-0.017031272873282453,-0.018670164048671764,-0.44308376125991344,-0.45380041003227234,16,0,0.0,0,0.0,16,100.0
pair_16,6,0.6817193292081356,0.67351895570755,0.2555720042437315,0.25926078855991364,0.2757562352344394,0.275163859128952,-0.020184230990707867,-0.019948050379753113,-0.4261473249644041,-0.4246649444103241,16,0,0.0,0,0.0,16,100.0
pair_16,7,0.6564488187432289,0.6472707688808441,0.27291671279817814,0.27524329721927643,0.2741476083174348,0.2747754007577896,-0.0012308955192566057,-0.0012408792972564975,-0.38353210594505077,-0.3769524917006494,16,7,43.75,0,0.0,16,100.0
pair_16,8,0.6167729236185551,0.6026064455509186,0.2549395412206649,0.26031921803951263,0.24721203278750178,0.24867596477270124,0.007727508433163163,0.006397381424903897,-0.3618333823978901,-0.3572806417942047,16,12,75.0,0,0.0,16,100.0
pair_16,9,0.5703828185796738,0.5562169253826141,0.25109900627285237,0.2545079439878464,0.2263679355382919,0.228699155151844,0.024731070734560483,0.018267549574375125,-0.3192838123068214,-0.3074559420347214,16,16,100.0,0,0.0,16,100.0
pair_16,10,0.5056098252534866,0.49536874890327454,0.2494080178439617,0.2481793165206909,0.2018942106515169,0.20389475673437113,0.047513807192444815,0.041792601346969604,-0.2562018074095249,-0.24199631065130234,16,16,100.0,0,0.0,16,100.0
pair_16,11,0.43315052427351475,0.42327623069286346,0.24720835220068688,0.2378935813903808,0.17244944628328082,0.1731282398104667,0.07475890591740608,0.07196648418903355,-0.18594217207282784,-0.17806563526391983,16,16,100.0,0,0.0,16,100.0
pair_16,12,0.323396866209805,0.3076621890068054,0.24115563742816445,0.2159141525626182,0.12919098185375327,0.11143207922577855,0.11196465557441117,0.1065763719379902,-0.08224122878164053,-0.09203929454088215,16,15,93.75,3,18.75,16,100.0
pair_16,13,0.16854060860350725,0.17681277543306345,0.22467235522344706,0.15075419843196863,0.07294630818068977,0.04196934401988975,0.15172604704275727,0.10953861847519875,0.056131746619939804,-0.021996058523654938,16,15,93.75,6,37.5,16,100.0
pair_16,14,0.14845345309004185,0.1525689736008644,0.25792162958532566,0.19513159245252604,0.06792004662565883,0.0377389527857303,0.19000158295966685,0.15856576897203925,0.10946817649528384,0.050731442868709495,16,15,93.75,10,62.5,16,100.0
pair_16,15,0.13661392778158185,0.1350802332162857,0.2936767009086907,0.2449702993035316,0.06319112190976735,0.034133953973650905,0.2304855789989233,0.2100860569626093,0.1570627731271088,0.10859473794698715,16,15,93.75,13,81.25,16,100.0
pair_16,16,0.13459387980401513,0.1320000998675823,0.341958811506629,0.30470955371856684,0.06660465756431218,0.038467451930046054,0.27535415394231677,0.2662421017885208,0.20736493170261386,0.17431948333978653,16,15,93.75,13,81.25,16,100.0
pair_16,17,0.13828262826427815,0.1382310464978218,0.4158218400552869,0.39838293194770813,0.07190915988758201,0.0470464508980512,0.3439126801677049,0.3530776798725128,0.2775392117910087,0.2625995911657811,16,15,93.75,15,93.75,16,100.0
pair_16,18,0.15347587410360572,0.1576667502522468,0.4602251946926117,0.4483112096786499,0.08322161925025279,0.060898791998624746,0.3770035754423589,0.38890659809112554,0.30674932058900595,0.29672176390886307,16,15,93.75,16,100.0,16,100.0
pair_16,19,0.16998239979147908,0.1749552711844444,0.5284622684121132,0.5244052410125732,0.10067128762602803,0.08201115578413004,0.42779098078608513,0.4455566257238388,0.3584798686206341,0.35922224074602127,16,15,93.75,16,100.0,16,100.0
pair_16,20,0.20194252394139764,0.2005253434181213,0.641810517758131,0.6457936465740204,0.13847134029492733,0.1262146309018135,0.5033391774632037,0.5176087319850922,0.43986799381673336,0.43959805369377136,16,16,100.0,16,100.0,16,100.0
pair_16,21,0.27405653335154057,0.26346084475517273,0.8773282840847969,0.8898376524448395,0.24104074481874702,0.23061785101890558,0.6362875392660499,0.6432799324393272,0.6032717507332563,0.6039427816867828,16,16,100.0,16,100.0,16,100.0
pair_16,22,0.2637951234355569,0.25372472405433655,0.8608362711966038,0.8729519248008728,0.2281081415712833,0.22098377346992484,0.6327281296253204,0.64039396494627,0.5970411477610469,0.5983012691140175,16,16,100.0,16,100.0,16,100.0
pair_16,23,0.2822729395702481,0.2688542902469635,0.8626319989562035,0.8721811175346375,0.2440184941515326,0.2351429313421249,0.6186135048046708,0.6299824565649033,0.5803590593859553,0.5821546763181686,16,16,100.0,16,100.0,16,100.0
pair_16,24,0.37476444616913795,0.3674694895744324,0.868259385228157,0.8761250078678131,0.33485476486384863,0.3232764601707458,0.5334046203643084,0.5400153547525406,0.4934949390590191,0.49149857461452484,16,16,100.0,16,100.0,16,100.0
pair_17,0,0.7880160547792912,0.822186291217804,0.15609881747514004,0.1401817053556442,0.18276822514599186,0.16340567916631696,-0.026669407670851814,-0.02320276200771329,-0.6319172373041511,-0.6382728256285191,16,3,18.75,0,0.0,16,100.0
pair_17,1,0.7515177354216576,0.7663094103336334,0.19340577116236088,0.18435043096542356,0.2642876822501421,0.2373310178518295,-0.07088191108778119,-0.0589931160211563,-0.5581119642592967,-0.5446800738573074,16,0,0.0,0,0.0,16,100.0
pair_17,2,0.7108914777636528,0.7153140306472778,0.22545728366822002,0.22228518873453135,0.3049156768247485,0.290014311671257,-0.07945839315652847,-0.0718721449375153,-0.48543419409543276,-0.4996543377637863,16,0,0.0,0,0.0,16,100.0
pair_17,3,0.6655561216175556,0.6681146919727325,0.23001093883067367,0.2228460162878036,0.3548439908772707,0.3530544340610504,-0.12483305204659702,-0.11871524900197984,-0.435545182786882,-0.45548809319734573,16,0,0.0,0,0.0,16,100.0
pair_17,4,0.6531434468924999,0.6573083996772766,0.28035047091543674,0.2777392119169235,0.35287729650735855,0.34561480581760406,-0.0725268255919218,-0.06442981958389282,-0.3727929759770632,-0.39081864058971405,16,0,0.0,0,0.0,16,100.0
pair_17,5,0.6100219264626503,0.6155760586261749,0.27005261182785034,0.26816214621067047,0.32568500004708767,0.317620113492012,-0.055632388219237314,-0.048849955201149,-0.33996931463479996,-0.3575165271759033,16,0,0.0,0,0.0,16,100.0
pair_17,6,0.5839290004223585,0.5869643092155457,0.2610793160274625,0.25562919676303864,0.31726487539708614,0.3128737658262253,-0.056185559369623675,-0.04843652248382571,-0.32284968439489603,-0.3388516679406166,16,0,0.0,0,0.0,16,100.0
pair_17,7,0.5678433980792761,0.5704947412014008,0.2734538707882166,0.2693794071674347,0.295741681009531,0.2916843295097351,-0.022287810221314423,-0.01663878560066223,-0.2943895272910595,-0.301132932305336,16,0,0.0,0,0.0,16,100.0
pair_17,8,0.5298549626022577,0.5347210168838501,0.25265387166291475,0.2513420879840851,0.26222879253327847,0.2586809992790222,-0.009574920870363707,-0.00715922564268115,-0.277201090939343,-0.28205428272485733,16,5,31.25,0,0.0,16,100.0
pair_17,9,0.48985101468861103,0.49418291449546814,0.2433284996077418,0.24281995743513102,0.23667061887681481,0.23383809626102445,0.006657880730926984,0.008044973015785176,-0.2465225150808692,-0.24277151376008987,16,10,62.5,0,0.0,16,100.0
pair_17,10,0.42882869206368923,0.44056668877601624,0.2364659374579787,0.23852000385522837,0.20852352306246755,0.2046607509255409,0.02794241439551115,0.03269106149673459,-0.1923627546057105,-0.1858021765947342,16,13,81.25,0,0.0,16,100.0
pair_17,11,0.3780475687235593,0.37950058281421656,0.2475360622629523,0.2562965750694275,0.17956536449491975,0.1781506761908531,0.06797069776803256,0.07307785749435426,-0.13051150646060705,-0.11714129149913786,16,16,100.0,0,0.0,16,100.0
pair_17,12,0.28783506248146296,0.290683388710022,0.2646183613687753,0.2406903952360153,0.12138345697894688,0.1133335940539836,0.14323490438982844,0.12355069071054459,-0.023216701112687595,-0.05077084153890611,16,16,100.0,5,31.25,16,100.0
pair_17,13,0.15771252801641816,0.14922202378511423,0.2702740547247231,0.16199899464845655,0.04338302742689843,0.043258247897028854,0.22689102729782465,0.12233086116611964,0.1125615267083049,0.009611666202545194,16,16,100.0,9,56.25,16,100.0
pair_17,14,0.13909049378708002,0.1395143866539001,0.31488675996661186,0.21570580452680585,0.041030278662219595,0.04076591506600375,0.2738564813043923,0.18170110322535038,0.1757962661795318,0.08937660232186316,16,16,100.0,14,87.5,16,100.0
pair_17,15,0.1250981921330094,0.12564377486705774,0.35897608287632465,0.2829432040452957,0.03561901382636275,0.035330818966031005,0.32335706904996186,0.25362101569771767,0.23387789074331522,0.1602976769208908,16,16,100.0,16,100.0,16,100.0
pair_17,16,0.12667575944215057,0.12679578363895416,0.4129454232752323,0.35280968248844147,0.04088131943717594,0.03900439664721485,0.3720641038380563,0.3186872992664576,0.2862696638330817,0.22435167804360392,16,16,100.0,16,100.0,16,100.0
pair_17,17,0.14115905622020358,0.13821867108345032,0.4981303811073303,0.46890848875045776,0.05562366289086635,0.05250774510204785,0.442506718216464,0.42242237553000456,0.3569713248871267,0.31102561205625534,16,16,100.0,16,100.0,16,100.0
pair_17,18,0.1580022065900266,0.15287104994058603,0.5377594977617264,0.51568403840065,0.07198218791745599,0.0680088326334953,0.4657773098442704,0.4536211695522071,0.37975729117169976,0.3367665335536003,16,16,100.0,16,100.0,16,100.0
pair_17,19,0.1854271041229367,0.17578372359275815,0.6061251740902662,0.5982820987701416,0.10082486737519498,0.09800579026341436,0.5053003067150712,0.5074917338788509,0.4206980699673295,0.38860566914081573,16,16,100.0,16,100.0,16,100.0
pair_17,20,0.23467750847339627,0.22924073040485382,0.7050123997032642,0.7045348286628723,0.15555306384339923,0.15073274075984955,0.549459335859865,0.5570988059043884,0.47033489122986794,0.45421863347291946,16,16,100.0,16,100.0,16,100.0
pair_17,21,0.39037385396659374,0.3765084743499756,0.9127491749823093,0.9158214628696442,0.3501415783539414,0.3434618413448334,0.5626075966283679,0.5797771960496902,0.5223753210157156,0.5479514896869659,16,16,100.0,16,100.0,16,100.0
pair_17,22,0.355281088501215,0.34332892298698425,0.9005235880613327,0.9038389623165131,0.31540793832391495,0.3055192232131958,0.5851156497374177,0.5990555733442308,0.5452424995601177,0.5620888024568558,16,16,100.0,16,100.0,16,100.0
pair_17,23,0.3719404265284538,0.35582298040390015,0.8997153900563717,0.9029625654220581,0.33077204506844277,0.3272268027067184,0.5689433449879289,0.5837579369544983,0.5277749635279179,0.5464930981397629,16,16,100.0,16,100.0,16,100.0
pair_17,24,0.4380611255764961,0.42643520236015314,0.9037311002612114,0.9059976935386658,0.3979060780256986,0.3960979133844375,0.5058250222355127,0.5166562497615814,0.4656699746847153,0.4817516803741455,16,16,100.0,16,100.0,16,100.0
pair_18,0,0.8080236651003361,0.8172833919525146,0.12214014260098335,0.12332578003406525,0.14052217779681084,0.1342269852757454,-0.018382035195827477,-0.011684447526931742,-0.6858835224993527,-0.7018815129995346,16,0,0.0,0,0.0,16,100.0
pair_18,1,0.7783304639160633,0.7709560096263885,0.14550833683460948,0.14441504329442975,0.16901398077607152,0.1584048122167587,-0.02350564394146204,-0.016141213476657847,-0.6328221270814538,-0.6239627301692963,16,1,6.25,0,0.0,16,100.0
pair_18,2,0.7477972321212292,0.7385679483413696,0.21666166000068185,0.21767956763505936,0.24207526724785564,0.24641291797161102,-0.025413607247173793,-0.022574618458747864,-0.5311355721205473,-0.5194128155708313,16,3,18.75,0,0.0,16,100.0
pair_18,3,0.7097065150737762,0.7003460824489594,0.22984490543603894,0.2324059009552002,0.2691116835922002,0.2650569528341293,-0.039266778156161294,-0.034077763557434054,-0.4798616096377373,-0.46392636001110077,16,1,6.25,0,0.0,16,100.0
pair_18,4,0.699798945337534,0.6841709613800049,0.3008859371766448,0.3066617250442505,0.3037019558250904,0.30187129974365234,-0.002816018648445601,0.004598580300807939,-0.39891300816088915,-0.3741163909435272,16,9,56.25,0,0.0,16,100.0
pair_18,5,0.6599213890731335,0.6434003710746765,0.2960953591391444,0.30215202271938324,0.28561523556709284,0.2845288962125778,0.010480123572051539,0.01117977499961853,-0.36382602993398905,-0.338608980178833,16,10,62.5,0,0.0,16,100.0
pair_18,6,0.6305455658584833,0.6169303953647614,0.2718987623229623,0.2763218879699707,0.2727731419727206,0.27437061071395874,-0.0008743796497583389,0.0019087791442870955,-0.35864680353552103,-0.345238596200943,16,8,50.0,0,0.0,16,100.0
pair_18,7,0.6115961242467165,0.5967259109020233,0.28770654089748854,0.29301621019840235,0.27279321290552616,0.2654663026332855,0.01491332799196242,0.019054278731346103,-0.3238895833492279,-0.31737053394317627,16,14,87.5,0,0.0,16,100.0
pair_18,8,0.5757798198610544,0.5574888288974762,0.27025975380092854,0.2757221609354019,0.24710090365260837,0.2390670105814933,0.023158850148320205,0.023781090974807753,-0.30552006606012583,-0.3022063821554184,16,15,93.75,0,0.0,16,100.0
pair_18,9,0.5357376635074615,0.5126184821128845,0.261530565097928,0.26353244483470917,0.22974438406527037,0.2258791252970695,0.03178618103265763,0.028058573603630052,-0.27420709840953356,-0.27188342809677135,16,15,93.75,0,0.0,16,100.0
pair_18,10,0.4733942784368992,0.4450856149196625,0.2574477596208453,0.25798168778419495,0.20814849529415363,0.20545893907546992,0.049299264326691655,0.04720405489206321,-0.21594651881605387,-0.206224724650383,16,15,93.75,0,0.0,16,100.0
pair_18,11,0.4157939273864031,0.39555527269840235,0.25352344010025263,0.2585412859916687,0.17688510380685327,0.1745272949337959,0.07663833629339933,0.06961585581302644,-0.16227048728615046,-0.14293082058429715,16,16,100.0,0,0.0,16,100.0
pair_18,12,0.32763973623514175,0.30854590237140656,0.2298011779785156,0.235199861228466,0.13728400459513065,0.12340234220027921,0.09251717338338494,0.10901252925395967,-0.09783855825662614,-0.08072773367166526,16,14,87.5,1,6.25,16,100.0
pair_18,13,0.1883604787290096,0.1793503537774086,0.19751517428085205,0.16946584731340403,0.09888285677880045,0.05363114736974235,0.09863231750205159,0.1161083001643419,0.009154695551842446,-0.009707517921924591,16,13,81.25,5,31.25,16,100.0
pair_18,14,0.17578680533915755,0.17195148020982742,0.2325332784093916,0.21493860334157938,0.09395011002197856,0.04960080422461025,0.13858316838741302,0.1706956941634417,0.05674647307023405,0.06115637719631195,16,14,87.5,11,68.75,16,100.0
pair_18,15,0.1634530378505587,0.1607061326503753,0.26690951082855463,0.25631424784660334,0.08605659264139827,0.043944232165813404,0.18085291818715635,0.21596833877265453,0.1034564729779959,0.1176673471927643,16,14,87.5,13,81.25,16,100.0
pair_18,16,0.16059680609032506,0.1582962125539779,0.31951931677758694,0.31774044036865234,0.08906356757506723,0.0495493803173303,0.2304557492025197,0.2721244487911463,0.15892251068726185,0.17678073793649673,16,14,87.5,15,93.75,16,100.0
pair_18,17,0.1744406544603407,0.17544171214103693,0.39387577306479216,0.40333905816078186,0.09610475972294803,0.06126532144844525,0.2977710133418441,0.35616195760667324,0.21943511860445142,0.2476758509874344,16,16,100.0,15,93.75,16,100.0
pair_18,18,0.18607885949313638,0.1866850331425666,0.44686179235577583,0.4646829515695572,0.10824526264332231,0.07668293640017504,0.3386165297124535,0.3965366818010808,0.2607829328626394,0.28931488841772085,16,16,100.0,16,100.0,16,100.0
pair_18,19,0.20754149463027713,0.21217286586761475,0.516652250662446,0.5360943675041199,0.12740714289247987,0.0998960509896278,0.3892451077699661,0.43873726576566696,0.30911075603216887,0.33934033662080765,16,16,100.0,16,100.0,16,100.0
pair_18,20,0.25437140651047224,0.25356641411781305,0.6209579259157181,0.6106925904750824,0.1742361383512616,0.15382399410009379,0.44672178756445646,0.46458322554826736,0.36658651940524584,0.3701443746685982,16,16,100.0,16,100.0,16,100.0
pair_18,21,0.34459455218166113,0.33853963017463684,0.8398800976574421,0.8390393257141113,0.2962918756529689,0.2882972657680511,0.5435882220044732,0.5391680747270584,0.49528554547578096,0.5094039887189865,16,16,100.0,16,100.0,16,100.0
pair_18,22,0.3327578501775861,0.32012875378131866,0.8249004371464252,0.8217025697231293,0.28142834454774857,0.27125246822834015,0.5434720925986767,0.5283639878034592,0.49214258696883917,0.5076876729726791,16,16,100.0,16,100.0,16,100.0
pair_18,23,0.34845595620572567,0.3294785469770431,0.8324469029903412,0.8282912969589233,0.29508327227085823,0.27910938858985895,0.5373636307194829,0.5235777050256729,0.4839909467846155,0.4988127499818802,16,16,100.0,16,100.0,16,100.0
pair_18,24,0.4210763815790414,0.40633235871791834,0.8446418903768063,0.8394588232040405,0.3694430757313966,0.3570054620504379,0.4751988146454096,0.46123902499675756,0.4235655087977648,0.4331264644861222,16,16,100.0,16,100.0,16,100.0
pair_19,0,0.8504084497690201,0.8533623516559601,0.15754571044817564,0.17363438010215754,0.17856189142912623,0.1871429309248924,-0.0210161809809506,-0.014585524797439506,-0.6928627393208444,-0.6924108266830444,16,0,0.0,0,0.0,16,100.0
pair_19,1,0.8098127953708172,0.8237877190113068,0.19352540699765083,0.19942532479763025,0.22698930371552703,0.23022343218326563,-0.03346389671787619,-0.027955524623394,-0.6162873883731663,-0.6337736397981644,16,0,0.0,0,0.0,16,100.0
pair_19,2,0.7624449580907822,0.7795372903347015,0.23836584482342002,0.24031382799148554,0.2800901969894767,0.2850620597600937,-0.04172435216605663,-0.037739172577857985,-0.5240791132673621,-0.5345778092741966,16,0,0.0,0,0.0,16,100.0
pair_19,3,0.7130276896059513,0.7215039730072021,0.24894037842750547,0.2464144006371498,0.3205610029399395,0.3188309073448181,-0.07162062451243402,-0.06816652417182927,-0.4640873111784458,-0.47595036774873734,16,0,0.0,0,0.0,16,100.0
pair_19,4,0.6957685276865959,0.6979608535766602,0.3035367149859666,0.30374138057231903,0.3369918186217546,0.3377793282270431,-0.03345510363578797,-0.035251855850219754,-0.3922318127006293,-0.39296975731849676,16,0,0.0,0,0.0,16,100.0
pair_19,5,0.6586028151214123,0.6654708385467529,0.29396233707666397,0.29391622543334955,0.3174849133938551,0.31546759605407715,-0.02352257631719112,-0.02584618330001831,-0.3646404780447483,-0.366918221116066,16,2,12.5,0,0.0,16,100.0
pair_19,6,0.6306310556828976,0.6366920173168182,0.27206452284008265,0.2743961215019226,0.3021846264600754,0.29888312518596644,-0.030120103619992733,-0.027844294905662537,-0.3585665328428149,-0.36156298220157623,16,1,6.25,0,0.0,16,100.0
pair_19,7,0.614706439897418,0.6166822016239166,0.2808886207640171,0.2820150554180145,0.2932080533355474,0.29156528413295746,-0.012319432571530333,-0.00955022871494296,-0.3338178191334009,-0.3302122950553894,16,3,18.75,0,0.0,16,100.0
pair_19,8,0.5815644823014736,0.5807718932628632,0.25754113774746656,0.2595699578523636,0.26158420182764525,0.2588810473680496,-0.004043064080178724,-0.0029060840606689037,-0.32402334455400705,-0.3177688419818878,16,7,43.75,0,0.0,16,100.0
pair_19,9,0.5472753588110209,0.5386195480823517,0.24611873831599948,0.25351107120513916,0.23788520880043504,0.232568047940731,0.008233529515564464,0.00761023163795474,-0.30115662049502134,-0.2854502871632576,16,11,68.75,0,0.0,16,100.0
pair_19,10,0.4903520308434963,0.4671979546546936,0.234897687099874,0.2427357211709022,0.21036392636597154,0.2079145461320877,0.024533760733902468,0.023039750754833208,-0.2554543437436223,-0.2196367532014847,16,13,81.25,0,0.0,16,100.0
pair_19,11,0.43959499523043627,0.40360409021377563,0.23508438467979428,0.24007153511047358,0.1814419804140925,0.17944194376468653,0.05364240426570177,0.0588034242391586,-0.204510610550642,-0.17248038202524185,16,14,87.5,0,0.0,16,100.0
pair_19,12,0.33493779599666595,0.30861999094486237,0.24515585880726573,0.22615768760442728,0.12319876626133913,0.12051393091678615,0.1219570925459266,0.11298767477273945,-0.0897819371894002,-0.057955212891101865,16,16,100.0,3,18.75,16,100.0
pair_19,13,0.16890802490524945,0.15883982926607126,0.25127020757645363,0.1596831232309341,0.04306458914652463,0.042447792366147,0.20820561842992902,0.11925347894430159,0.08236218267120421,-0.001165039837360396,16,16,100.0,8,50.0,16,100.0
pair_19,14,0.150241469964385,0.1441150829195976,0.2866917001083493,0.2069667652249336,0.03969613346271213,0.03824626095592975,0.24699556664563718,0.17256186157464984,0.1364502301439643,0.06862780451774596,16,16,100.0,13,81.25,16,100.0
pair_19,15,0.14152168924920258,0.1346980482339859,0.32033449690788984,0.2543551176786423,0.03682913759257639,0.03594469837844365,0.2835053593153134,0.22124332003295424,0.17881280765868723,0.1224297136068344,16,16,100.0,13,81.25,16,100.0
pair_19,16,0.14224876929074523,0.13498036563396448,0.3650341317988932,0.31168003380298615,0.04197302460670466,0.04032721556723115,0.3230611071921885,0.27455380558967596,0.22278536250814795,0.17761287093162537,16,16,100.0,15,93.75,16,100.0
pair_19,17,0.15204298915341494,0.14567004144191736,0.44015924725681543,0.42066825926303864,0.054387691663578104,0.05258558876812455,0.3857715555932373,0.36339994333684444,0.28811625810340047,0.26546820253133774,16,16,100.0,15,93.75,16,100.0
pair_19,18,0.16241683624684808,0.15671484917402265,0.48609754256904125,0.4754013270139694,0.06749369530007239,0.0668374896049499,0.4186038472689688,0.4030880481004715,0.32368070632219315,0.3147640898823738,16,16,100.0,15,93.75,16,100.0
pair_19,19,0.18566659372299904,0.17697273939847946,0.5549225015565753,0.5537203550338745,0.09534350316971536,0.09538031741976735,0.45957899838685995,0.46032331138849264,0.36925590783357626,0.3743300661444664,16,16,100.0,15,93.75,16,100.0
pair_19,20,0.2298355950042605,0.213300809264183,0.6670976206660271,0.6794450283050537,0.14893849520012734,0.14920387417078015,0.5181591254658997,0.5388674065470695,0.43726202566176653,0.4616650119423867,16,16,100.0,15,93.75,16,100.0
pair_19,21,0.3920468781143427,0.38775238394737244,0.8959809802472591,0.9006500542163849,0.3460119813680649,0.3583614379167557,0.5499689988791943,0.5717770308256149,0.5039341021329165,0.5306040495634079,16,16,100.0,16,100.0,16,100.0
pair_19,22,0.3608908895403146,0.35277611017227173,0.8790328167378902,0.8882700800895691,0.31294362805783743,0.3209954649209976,0.5660891886800528,0.5981798768043518,0.5181419271975756,0.5542368739843369,16,16,100.0,16,100.0,16,100.0
pair_19,23,0.3722142316401005,0.36555086076259613,0.8786871582269669,0.8873748779296875,0.3245695056393742,0.3345276862382889,0.5541176525875926,0.5843854993581772,0.5064729265868664,0.5408483147621155,16,16,100.0,16,100.0,16,100.0
pair_19,24,0.4348997585475445,0.4238093197345733,0.8840413875877857,0.8923045694828033,0.3879387192428112,0.3925607055425644,0.4961026683449745,0.5209594070911407,0.44914162904024124,0.47690916061401367,16,16,100.0,16,100.0,16,100.0
pair_20,0,0.863745953887701,0.8759002089500427,0.1936549304518848,0.17816930264234535,0.2148653366602957,0.2104508355259895,-0.02121040620841088,-0.019115194678306566,-0.6700910234358162,-0.6655613109469414,16,1,6.25,0,0.0,16,100.0
pair_20,1,0.8261024057865143,0.8345411419868469,0.2086572679691016,0.18525376170873636,0.24896171409636733,0.23047745227813715,-0.040304446127265706,-0.026957944035530097,-0.6174451378174126,-0.6089174002408981,16,0,0.0,0,0.0,16,100.0
pair_20,2,0.7840628921985626,0.7769367694854736,0.2440443495288491,0.2384729981422424,0.2957589151337742,0.28059840202331543,-0.05171456560492515,-0.04185743629932401,-0.5400185426697135,-0.5378445684909821,16,0,0.0,0,0.0,16,100.0
pair_20,3,0.7424395494163036,0.7300036251544952,0.24698334280401466,0.24429317563772202,0.32780692353844637,0.3079254776239395,-0.08082358073443174,-0.07046195864677429,-0.49545620661228895,-0.5036713033914566,16,0,0.0,0,0.0,16,100.0
pair_20,4,0.7273154780268669,0.7284755110740662,0.29330306872725487,0.2979838252067566,0.3351281527429819,0.33036777377128596,-0.04182508401572703,-0.04333448410034177,-0.43401240929961205,-0.4240306317806244,16,3,18.75,0,0.0,16,100.0
pair_20,5,0.6914881430566311,0.6944769322872162,0.28069321997463703,0.2846517264842987,0.30938785616308445,0.3056201338768005,-0.02869463618844746,-0.031149685382843004,-0.41079492308199406,-0.40034230053424835,16,4,25.0,0,0.0,16,100.0
pair_20,6,0.6604560688138008,0.6642533540725708,0.26342914160341024,0.2621766924858093,0.2957224659621715,0.2883935421705246,-0.03229332435876131,-0.03264088928699496,-0.39702692721039057,-0.3891425132751465,16,3,18.75,0,0.0,16,100.0
pair_20,7,0.6399838626384735,0.6474093794822693,0.2719753868877888,0.2722811698913574,0.2846474982798099,0.2796047925949096,-0.01267211139202117,-0.013659879565238967,-0.36800847575068474,-0.3683523982763291,16,4,25.0,0,0.0,16,100.0
pair_20,8,0.6064155399799347,0.6146381497383118,0.24757691286504263,0.24558097869157786,0.25409369263798,0.25134696066379547,-0.006516779772937312,-0.008982926607131944,-0.35883862711489206,-0.3617881312966347,16,7,43.75,0,0.0,16,100.0
pair_20,9,0.5684516504406929,0.5767413973808289,0.23234836291521782,0.23052565008401865,0.22948006633669135,0.22423473745584485,0.0028682965785264813,-0.0025521740317344527,-0.3361032875254751,-0.3435663059353829,16,7,43.75,0,0.0,16,100.0
pair_20,10,0.5110274534672499,0.5093139708042145,0.22128815576434133,0.2178578600287437,0.20115451794117684,0.19592509418725967,0.02013363782316447,0.0166997909545899,-0.2897392977029085,-0.2988625168800354,16,14,87.5,0,0.0,16,100.0
pair_20,11,0.4586415123194456,0.45354534685611725,0.22423875425010917,0.22156595438718796,0.17411692254245278,0.16636504232883448,0.0501218317076564,0.05264325439929965,-0.23440275806933641,-0.23343505710363388,16,14,87.5,0,0.0,16,100.0
pair_20,12,0.3531542830169201,0.34118814766407013,0.22095652949064964,0.19377865642309183,0.11930682696402067,0.1117855384945869,0.10164970252662898,0.07450988888740545,-0.13219775352627042,-0.1320740580558777,16,16,100.0,2,12.5,16,100.0
pair_20,13,0.19108840171247718,0.1772796958684921,0.21021314617246384,0.12943855673074717,0.042036857921630096,0.0401717405766248,0.16817628825083375,0.09063459001481529,0.019124744459986676,-0.02947483211755754,16,16,100.0,4,25.0,16,100.0
pair_20,14,0.17251241113990542,0.1518901064991951,0.2452005492523312,0.18147156387567515,0.039705937611870426,0.03639788553118705,0.2054946116404608,0.14460701309144497,0.07268813811242579,0.028653860092163044,16,16,100.0,9,56.25,16,100.0
pair_20,15,0.15992392646148795,0.13808394968509669,0.2727269539609551,0.2117071002721786,0.03580291778780515,0.03400676697492595,0.23692403617314997,0.17764701507985595,0.11280302749946713,0.07805489003658295,16,16,100.0,13,81.25,16,100.0
pair_20,16,0.15958879236131904,0.1429660841822624,0.3174814553931355,0.2702888250350952,0.042260708054527585,0.0404396634548902,0.2752207473386079,0.23002310842275625,0.15789266303181648,0.13626522570848468,16,16,100.0,13,81.25,16,100.0
pair_20,17,0.17207531630992887,0.15041140466928482,0.3933123918250203,0.36522364616394043,0.05709075601771468,0.0552306734025478,0.33622163580730563,0.3100904170423746,0.22123707551509142,0.2189768925309181,16,16,100.0,14,87.5,16,100.0
pair_20,18,0.18391950987279412,0.16744944453239435,0.44230319559574127,0.42188431322574615,0.07183055626228448,0.0696208663284778,0.3704726393334568,0.3506781719624997,0.2583836857229471,0.25770885497331625,16,16,100.0,14,87.5,16,100.0
pair_20,19,0.2052208418026566,0.19341235607862464,0.524989653378725,0.5147043168544769,0.09913735976442692,0.09608503431081769,0.4258522936142981,0.41942288726568233,0.31976881157606846,0.3256163522601129,16,16,100.0,15,93.75,16,100.0
pair_20,20,0.24805455002933738,0.23982419073581696,0.651830118149519,0.6659857332706451,0.15538942674174902,0.15115126967430115,0.4964406914077699,0.5158535689115524,0.40377556812018156,0.43688376247882843,16,16,100.0,16,100.0,16,100.0
pair_20,21,0.3674110732972622,0.34553639590740204,0.8998503126204014,0.903797686100006,0.3251195000484586,0.30852614343166346,0.5747308125719428,0.5942051261663437,0.5324392393231392,0.5563187152147293,16,16,100.0,16,100.0,16,100.0
pair_20,22,0.3531767847016454,0.33425463736057276,0.8848911449313164,0.8908059000968933,0.30840264912694687,0.2929045706987381,0.5764884958043694,0.5982022732496262,0.531714360229671,0.5554008036851883,16,16,100.0,16,100.0,16,100.0
pair_20,23,0.3632709067314863,0.3478594124317169,0.8854011557996273,0.8922801315784454,0.3180479360744357,0.3049226701259613,0.5673532197251916,0.5885291397571564,0.522130249068141,0.5432392060756683,16,16,100.0,16,100.0,16,100.0
pair_20,24,0.4226839579641819,0.4073035418987274,0.8890632838010788,0.8958992660045624,0.377918504178524,0.36467722058296204,0.5111447796225548,0.52852563560009,0.4663793258368969,0.4878323525190353,16,16,100.0,16,100.0,16,100.0
pair_21,0,0.7952362820506096,0.8245806694030762,0.10189773491583762,0.0960943959653377,0.12396080151665953,0.12220801413059229,-0.022063066600821905,-0.015754669904708897,-0.6933385471347719,-0.6886201649904251,16,3,18.75,0,0.0,16,100.0
pair_21,1,0.7545737884938717,0.7564098536968231,0.154680551495403,0.1441497355699539,0.20397552335634822,0.18078911304473871,-0.04929497186094523,-0.04355205595493316,-0.5998932369984686,-0.605114534497261,16,1,6.25,0,0.0,16,100.0
pair_21,2,0.7149778753519058,0.7078043222427368,0.20169124286621806,0.2055996879935264,0.24875070340931413,0.23492950201034546,-0.04705946054309606,-0.04636103659868235,-0.5132866324856877,-0.5127683877944946,16,1,6.25,0,0.0,16,100.0
pair_21,3,0.6640847083181143,0.6533824801445007,0.22029692679643628,0.21969705820083615,0.30070848762989044,0.28840842843055725,-0.08041156083345415,-0.08430478721857076,-0.44378778152167797,-0.44596344977617264,16,1,6.25,0,0.0,16,100.0
pair_21,4,0.6483395881950855,0.6398895978927612,0.27966396510601044,0.28065618872642517,0.3160813767462969,0.30386590957641596,-0.03641741164028644,-0.045274354517459814,-0.3686756230890751,-0.3740624114871025,16,3,18.75,0,0.0,16,100.0
pair_21,5,0.6107309851795435,0.6001596748828888,0.2706308411434292,0.27004517614841456,0.2956037987023592,0.28650662302970886,-0.024972957558929934,-0.03622348606586462,-0.3401001440361142,-0.3434600308537484,16,4,25.0,0,0.0,16,100.0
pair_21,6,0.5819388162344694,0.5724767446517944,0.2503739017993211,0.2498611062765121,0.28354394063353533,0.2755881398916244,-0.03317003883421421,-0.03445131331682208,-0.33156491443514824,-0.3307252302765846,16,1,6.25,0,0.0,16,100.0
pair_21,7,0.5681833922863007,0.5544345676898956,0.2600358435884118,0.25846995413303375,0.27028543595224613,0.27036862075328827,-0.010249592363834374,-0.00889083743095398,-0.30814754869788885,-0.3059777021408081,16,3,18.75,0,0.0,16,100.0
pair_21,8,0.5331761632114649,0.5238966941833496,0.23748192097991702,0.2359359413385391,0.2399983014911413,0.24340676516294474,-0.0025163805112242733,-0.005241811275482192,-0.29569424223154783,-0.2969233989715576,16,6,37.5,0,0.0,16,100.0
pair_21,9,0.4976730849593878,0.48724146187305445,0.22414475586265323,0.22063051164150235,0.21575919073075053,0.21523355692625046,0.008385565131902695,0.006867773830890614,-0.2735283290967345,-0.27287978678941727,16,13,81.25,0,0.0,16,100.0
pair_21,10,0.43152105808258057,0.4169711470603943,0.21335766930133102,0.20819190144538874,0.19532502442598337,0.1941406205296516,0.018032644875347628,0.014029495418071733,-0.21816338878124952,-0.20650523900985718,16,14,87.5,0,0.0,16,100.0
pair_21,11,0.37929082103073597,0.35978974401950836,0.20329845696687696,0.19305866956710815,0.16627647820860145,0.1650617644190788,0.03702197875827552,0.034189239144325256,-0.17599236406385899,-0.15699398517608643,16,15,93.75,1,6.25,16,100.0
pair_21,12,0.284040167927742,0.2638782560825348,0.20786421792581675,0.17052331566810605,0.11711078090593215,0.11145681515336034,0.09075343701988459,0.0475617460906506,-0.07617595000192524,-0.0930151343345642,16,15,93.75,3,18.75,16,100.0
pair_21,13,0.15054005011916155,0.15087836235761642,0.2202757489867508,0.1187074296176433,0.060764956171624314,0.045384332537651,0.15951079281512648,0.0692949630320072,0.06973569886758925,-0.018900029361248002,16,15,93.75,7,43.75,16,100.0
pair_21,14,0.13620348880067465,0.13519448786973948,0.24845387320965523,0.15374103188514704,0.05910855159163471,0.0437456481158733,0.18934532161802053,0.09549511037766929,0.1122503844089806,0.01746799424290655,16,15,93.75,9,56.25,16,100.0
pair_21,15,0.1306179927196353,0.12701051309704775,0.2708111437968909,0.1995446309447288,0.054520329693332266,0.03937692940235135,0.21629081410355866,0.12652991153299809,0.1401931510772556,0.0572863668203354,16,15,93.75,11,68.75,16,100.0
pair_21,16,0.1355431349948048,0.1302421391010284,0.3122775582596659,0.25053014606237406,0.057639474514871794,0.042346591129899,0.25463808374479413,0.1770745161920786,0.1767344232648611,0.1028536856174469,16,15,93.75,12,75.0,16,100.0
pair_21,17,0.1497993203811347,0.1499074101448059,0.38030831329524517,0.3423492759466171,0.06869521550834175,0.0531652253121137,0.3116130977869034,0.2579162195324898,0.23050899291411045,0.17981666326522827,16,16,100.0,16,100.0,16,100.0
pair_21,18,0.1649307934567332,0.16419416666030878,0.43782299384474754,0.41031399369239807,0.08347696252167221,0.06917516142129895,0.3543460313230753,0.3041699938476087,0.2728922003880143,0.23336871713399887,16,16,100.0,16,100.0,16,100.0
pair_21,19,0.19228211557492608,0.19265279173851008,0.5115496851503849,0.48513489961624146,0.11103938706219192,0.09748431295156475,0.400510298088193,0.36054977774620056,0.3192675695754588,0.2847747579216957,16,16,100.0,16,100.0,16,100.0
pair_21,20,0.2358005736023187,0.23361851274967188,0.6485000476241112,0.6317748129367828,0.16375347087159747,0.15017021447420115,0.4847465767525137,0.44876705855131155,0.41269947402179247,0.37154892086982727,16,16,100.0,16,100.0,16,100.0
pair_21,21,0.3449752014130354,0.32973034679889673,0.8817884959280491,0.8753092288970947,0.30644887126982207,0.30240789055824274,0.575339624658227,0.572186142206192,0.5368132945150137,0.5407538115978241,16,16,100.0,16,100.0,16,100.0
pair_21,22,0.32776749879121775,0.32111385464668274,0.868177030235529,0.8604744076728821,0.2846333244815469,0.27688246965408325,0.5835437057539821,0.5833336710929871,0.5404095314443111,0.5404306501150131,16,16,100.0,16,100.0,16,100.0
pair_21,23,0.34484212286770344,0.3352261185646057,0.8754011988639832,0.8682958781719208,0.30236355401575565,0.2953566163778305,0.5730376448482275,0.5799895077943802,0.5305590759962797,0.5366097241640091,16,16,100.0,16,100.0,16,100.0
pair_21,24,0.41786555759608746,0.4102560579776764,0.8796861357986927,0.8734921514987946,0.3750450536608696,0.36812557280063624,0.5046410821378231,0.5023231506347656,0.4618205782026053,0.4618784636259079,16,16,100.0,16,100.0,16,100.0
pair_22,0,0.8486580587923527,0.8696361780166626,0.14566872338764364,0.1388477906584739,0.15942037361674008,0.15511967986822123,-0.01375165022909642,-0.00960644334554675,-0.702989335404709,-0.7180962916463614,16,0,0.0,0,0.0,16,100.0
pair_22,1,0.8153230249881744,0.8219641447067261,0.16973628755658862,0.15896941721439362,0.20450850576162335,0.1987280324101448,-0.03477221820503472,-0.02991997450590131,-0.6455867374315858,-0.6424482688307762,16,0,0.0,0,0.0,16,100.0
pair_22,2,0.7764276526868343,0.7867672741413116,0.22265266720205543,0.20687163621187205,0.26700338814407587,0.253386527299881,-0.04435072094202043,-0.044540099799633,-0.5537749854847789,-0.560797356069088,16,0,0.0,0,0.0,16,100.0
pair_22,3,0.7332360111176968,0.7389410138130188,0.2328731212764978,0.21560054272413248,0.304802886210382,0.2921121120452881,-0.07192976493388414,-0.06733610481023786,-0.5003628898411989,-0.5065125599503517,16,0,0.0,0,0.0,16,100.0
pair_22,4,0.7176164910197258,0.7180351912975311,0.28786134719848633,0.28173924982547754,0.32662083208560944,0.3146077692508697,-0.038759484887123115,-0.03807835280895233,-0.42975514382123947,-0.4193332642316818,16,1,6.25,0,0.0,16,100.0
pair_22,5,0.6771466359496117,0.6717792749404907,0.2789058750495314,0.27266684174537653,0.30503785051405424,0.2929928451776504,-0.02613197546452284,-0.027954682707786532,-0.39824076090008026,-0.37852499634027487,16,2,12.5,0,0.0,16,100.0
pair_22,6,0.6459951661527157,0.6292431056499481,0.26659322995692486,0.25658461451530457,0.2947783609852195,0.28794968128204346,-0.028185131028294584,-0.028321050107479137,-0.3794019361957908,-0.3546154499053955,16,2,12.5,0,0.0,16,100.0
pair_22,7,0.6272856332361698,0.6105257868766785,0.2770230257883668,0.2714407294988632,0.2851620018482208,0.2802893072366714,-0.00813897605985404,-0.009308680891990634,-0.350262607447803,-0.32988378405570984,16,4,25.0,0,0.0,16,100.0
pair_22,8,0.5928229335695505,0.5717206597328186,0.2569309119135141,0.2550042867660522,0.257550903595984,0.25418423116207123,-0.0006199916824698552,-0.0041542351245880405,-0.33589202165603643,-0.31680595874786377,16,7,43.75,0,0.0,16,100.0
pair_22,9,0.5532934032380581,0.5275191068649292,0.24810937978327272,0.24418411403894424,0.23662533517926926,0.23355074971914286,0.011484044604003448,0.002202145755290999,-0.30518402345478535,-0.2891012579202652,16,9,56.25,0,0.0,16,100.0
pair_22,10,0.4989911410957575,0.46877554059028625,0.24312364496290678,0.2338577061891555,0.21655377279967067,0.21240408718585965,0.026569872163236127,0.018558569252490956,-0.25586749613285065,-0.2488551884889603,16,14,87.5,0,0.0,16,100.0
pair_22,11,0.44898336194455624,0.4152947813272476,0.24056081753224132,0.22949805855751035,0.18856557644903654,0.18412239104509348,0.05199524108320475,0.044815599918365506,-0.2084225444123149,-0.20106794685125354,16,16,100.0,0,0.0,16,100.0
pair_22,12,0.33869772590696806,0.3168045431375503,0.26144415233284235,0.2465186864137649,0.1301361676305532,0.1279830858111381,0.13130798470228913,0.09835846349596974,-0.07725357357412574,-0.08404584228992461,16,16,100.0,4,25.0,16,100.0
pair_22,13,0.16749325487762687,0.1637448593974113,0.31347715435549617,0.17996729165315623,0.057405826868489336,0.0532729737460613,0.25607132748700684,0.12691051699221134,0.1459838994778693,0.005923926830291734,16,16,100.0,8,50.0,16,100.0
pair_22,14,0.15482061356306073,0.15339807420969004,0.34498232090845704,0.2373818680644035,0.05555192951578642,0.049721697345376,0.2894303913926706,0.18649715557694435,0.19016170734539628,0.081354521214962,16,16,100.0,12,75.0,16,100.0
pair_22,15,0.1412873594090342,0.13675617426633835,0.37167647760361433,0.2834320068359375,0.04888040421064939,0.04290066286921495,0.3227960733929649,0.2399625442922116,0.2303891181945801,0.14996855705976492,16,16,100.0,13,81.25,16,100.0
pair_22,16,0.14410566585138435,0.13809616863727564,0.4105155346915126,0.3383151590824127,0.05427955440245565,0.0487383641302585,0.3562359802890569,0.2917952425777912,0.2664098688401282,0.20386959612369537,16,16,100.0,15,93.75,16,100.0
pair_22,17,0.15910438960418102,0.15456257015466685,0.46544845402240753,0.42273449897766113,0.06541633745655413,0.0617370922118425,0.40003211656585336,0.36934346333146095,0.3063440644182265,0.2816883772611618,16,16,100.0,15,93.75,16,100.0
pair_22,18,0.17150863818824288,0.16706199198961255,0.5094111319631338,0.49157838523387903,0.07865455979481335,0.0765074603259563,0.4307565721683205,0.4250119924545288,0.3379024937748909,0.34150500595569616,16,16,100.0,15,93.75,16,100.0
pair_22,19,0.19866615626960987,0.18927308917045588,0.5684954058378935,0.5758684873580933,0.10619788197800514,0.10571049153804775,0.4622975238598883,0.48345059528946877,0.3698292495682836,0.4001449644565582,16,16,100.0,15,93.75,16,100.0
pair_22,20,0.2451574308797717,0.23659875988960266,0.666128346696496,0.6906324028968811,0.15889739338308567,0.16295103728771204,0.5072309533134103,0.5367097333073616,0.4209709158167243,0.4688166379928589,16,16,100.0,15,93.75,16,100.0
pair_22,21,0.3641261402517557,0.36124482750892634,0.8774172738194466,0.8932650089263916,0.31421838887035847,0.32820928096771235,0.5631988849490881,0.5846609026193619,0.5132911335676908,0.5490775555372239,16,16,100.0,16,100.0,16,100.0
pair_22,22,0.35632194206118584,0.351468488574028,0.8604207187891006,0.8752357959747314,0.30292018037289375,0.31522151827812195,0.5575005384162068,0.5820114314556122,0.5040987767279148,0.5402113795280457,16,16,100.0,16,100.0,16,100.0
pair_22,23,0.36567591689527035,0.35938625037670135,0.8635334745049477,0.8745529055595398,0.31190389674156904,0.3233904242515564,0.5516295777633786,0.5746486783027649,0.4978575576096773,0.534715011715889,16,16,100.0,16,100.0,16,100.0
pair_22,24,0.436212245374918,0.4312354773283005,0.870015561580658,0.878776341676712,0.383072666823864,0.3958674371242523,0.486942894756794,0.5035627633333206,0.43380331620574,0.46033336222171783,16,16,100.0,16,100.0,16,100.0
pair_23,0,0.9045211635529995,0.9220852553844452,0.1808653133921325,0.15626266598701474,0.18911243695765728,0.16445177793502805,-0.008247123565524803,-0.005805157124996213,-0.723655850160867,-0.7607062235474586,16,4,25.0,0,0.0,16,100.0
pair_23,1,0.8736942186951637,0.8926377296447754,0.19365433137863872,0.1806913614273071,0.21903642453253266,0.20103915780782694,-0.025382093153893948,-0.017935700714588096,-0.680039887316525,-0.704359769821167,16,0,0.0,0,0.0,16,100.0
pair_23,2,0.8357882499694824,0.8473297953605652,0.2417689338326454,0.23121581971645355,0.27894914429634804,0.2650609910488128,-0.03718021046370269,-0.03188682347536091,-0.594019316136837,-0.602765366435051,16,0,0.0,0,0.0,16,100.0
pair_23,3,0.7933558560907841,0.8034259080886841,0.24770549312233925,0.23896721750497815,0.3095957199111581,0.3044653683900833,-0.061890226788818836,-0.0586063042283058,-0.5456503629684448,-0.5371678695082664,16,0,0.0,0,0.0,16,100.0
pair_23,4,0.7705237977206707,0.7748579680919647,0.30082986690104,0.29418244957923884,0.3356274198740721,0.3270993083715439,-0.034797552973032025,-0.02405057847499853,-0.4696939308196306,-0.4479550421237946,16,0,0.0,0,0.0,16,100.0
pair_23,5,0.7383610047399998,0.7444775402545929,0.2908994555473327,0.28864534199237823,0.3128080926835537,0.30166283249855036,-0.021908637136220935,-0.013350725173950223,-0.447461549192667,-0.43561816215515137,16,1,6.25,0,0.0,16,100.0
pair_23,6,0.7109660618007183,0.7169787287712097,0.27222917601466173,0.2685586214065552,0.29429070092737675,0.2829398959875107,-0.022061524912714965,-0.016720935702323914,-0.4387368857860565,-0.4382385909557343,16,1,6.25,0,0.0,16,100.0
pair_23,7,0.6944296024739742,0.7024421691894531,0.28055484220385546,0.2782928794622421,0.28608083166182036,0.2782029956579208,-0.005525989457964897,-0.0020319074392318726,-0.4138747602701187,-0.41957658529281616,16,6,37.5,0,0.0,16,100.0
pair_23,8,0.6606405638158321,0.6760062873363495,0.2543285144492983,0.25147397816181183,0.25242781825363636,0.2451839596033096,0.001900696195662013,0.0038438960909843445,-0.4063120493665338,-0.4220902770757675,16,11,68.75,0,0.0,16,100.0
pair_23,9,0.6273739412426949,0.6391157507896423,0.24021986313164229,0.24116319417953486,0.22758996579796073,0.22126431763172144,0.012629897333681573,0.013669811189174638,-0.38715407811105257,-0.3958800658583642,16,14,87.5,0,0.0,16,100.0
pair_23,10,0.5709044151008129,0.5798450708389282,0.22672971896827218,0.22781349718570704,0.1956957187503576,0.1908105909824371,0.031034000217914588,0.031241945922374753,-0.3441746961325407,-0.34454675763845444,16,16,100.0,0,0.0,16,100.0
pair_23,11,0.5071819555014372,0.515166699886322,0.21776024810969824,0.21662166714668268,0.16738941986113784,0.16510740667581555,0.050370828248560415,0.0487356036901474,-0.28942170739173895,-0.2916545048356056,16,16,100.0,0,0.0,16,100.0
pair_23,12,0.3860013410449028,0.37940172851085663,0.20712116640061137,0.18574593961238856,0.1098320875316858,0.1084250099956989,0.09728907886892557,0.0735820196568966,-0.1788801746442914,-0.197404146194458,16,16,100.0,2,12.5,16,100.0
pair_23,13,0.21037461236119268,0.2024383395910263,0.19266564724966878,0.1285992711782455,0.042007076321169685,0.04105280525982375,0.1506585709284991,0.08483968302607535,-0.017708965111523874,-0.07913076505064964,16,16,100.0,4,25.0,16,100.0
pair_23,14,0.18299447232857344,0.175539419054985,0.22302675759419796,0.16628219187259669,0.03701290336903179,0.0356861557811498,0.18601385422516617,0.12818053178489208,0.040032285265624516,-0.024248287081718445,16,16,100.0,7,43.75,16,100.0
pair_23,15,0.17486519785597918,0.16497710347175593,0.25121028162539005,0.1937590092420578,0.035235671210102695,0.03468220680952065,0.21597461041528734,0.1582346502691508,0.07634508376941086,0.011832535266876262,16,16,100.0,8,50.0,16,100.0
pair_23,16,0.16947057005017993,0.16424516588449475,0.2941805468872189,0.23869689553976056,0.03990707709453996,0.038720626384019796,0.25427346979267895,0.19997626915574077,0.12470997683703898,0.06636828929185866,16,16,100.0,13,81.25,16,100.0
pair_23,17,0.17442812118679282,0.1758928894996643,0.3646255098283291,0.32135815918445587,0.050008491845801424,0.04755717329680915,0.3146170179825276,0.2739811036735773,0.19019738864153624,0.14710600674152374,16,16,100.0,15,93.75,16,100.0
pair_23,18,0.1817056620493531,0.18446839600801465,0.4108982291072607,0.37388066947460175,0.0629866835661232,0.0602692700922489,0.34791154554113746,0.31546214409172535,0.22919256705790758,0.19432425498962405,16,16,100.0,15,93.75,16,100.0
pair_23,19,0.198463162407279,0.2021699026226997,0.4878534208983183,0.46640062332153315,0.08827002020552749,0.0830675065517425,0.3995834006927908,0.38008213043212896,0.2893902584910393,0.26703070849180227,16,16,100.0,16,100.0,16,100.0
pair_23,20,0.23113395180553195,0.23407794535160065,0.6196189299225807,0.5994534492492676,0.1383048733696341,0.13873799145221705,0.4813140565529466,0.4575769826769829,0.38848497811704874,0.35672214627265936,16,16,100.0,16,100.0,16,100.0
pair_23,21,0.36591510381549597,0.354977622628212,0.8864698894321918,0.891093373298645,0.318291200324893,0.3086830973625183,0.5681786891072989,0.5818997472524643,0.5205547856166959,0.5329180657863617,16,16,100.0,16,100.0,16,100.0
pair_23,22,0.32985894754529,0.3222064971923828,0.8678372912108898,0.8704162240028381,0.2807493908330798,0.26849040389060974,0.58708790037781,0.5936024338006973,0.5379783436655998,0.5414133220911026,16,16,100.0,16,100.0,16,100.0
pair_23,23,0.33690024353563786,0.32923293113708496,0.8670841157436371,0.8705377280712128,0.2881882963702082,0.2761902660131454,0.5788958193734288,0.5853507667779922,0.5301838722079992,0.532353088259697,16,16,100.0,16,100.0,16,100.0
pair_23,24,0.40894252248108387,0.3973633646965027,0.8720429018139839,0.8749444782733917,0.3595332391560077,0.34921175241470337,0.5125096626579762,0.5186765044927597,0.46310037933290005,0.46591809391975403,16,16,100.0,16,100.0,16,100.0
pair_24,0,0.8892665728926659,0.8812825679779053,0.16927313647465778,0.16691066324710846,0.17851768183754754,0.1772687882184982,-0.009244545362889767,-0.005127076059579842,-0.7199934364180081,-0.7488533146679401,16,3,18.75,0,0.0,16,100.0
pair_24,1,0.8593767732381821,0.843455582857132,0.17726537771522996,0.16522021591663355,0.20535985007882115,0.19042519479990005,-0.028094472363591198,-0.026060648262500756,-0.6821113955229521,-0.6896973326802254,16,0,0.0,0,0.0,16,100.0
pair_24,2,0.8236694820225239,0.812419980764389,0.2170332074165344,0.211186833679676,0.25828937347978354,0.25092916190624237,-0.04125616606324911,-0.03971628844738005,-0.6066362746059895,-0.5970484167337418,16,0,0.0,0,0.0,16,100.0
pair_24,3,0.7842981033027172,0.7837473154067993,0.21878348756581542,0.22150096297264094,0.28659563325345516,0.2808655947446823,-0.06781214568763973,-0.06362218409776696,-0.5655146157369018,-0.5729889869689943,16,0,0.0,0,0.0,16,100.0
pair_24,4,0.7700023911893368,0.7723785638809204,0.2771070674061775,0.2800713181495666,0.31063929572701454,0.3150971084833145,-0.03353222832083702,-0.026752352714538602,-0.49289532378315926,-0.4890245497226715,16,0,0.0,0,0.0,16,100.0
pair_24,5,0.7348977103829384,0.7360041737556458,0.26561837643384933,0.2709777355194092,0.287874105386436,0.2975589781999588,-0.02225572895258665,-0.01576420664787291,-0.46927933394908905,-0.4636773467063904,16,1,6.25,0,0.0,16,100.0
pair_24,6,0.7028276175260544,0.7041229605674744,0.24786645174026486,0.25110846757888794,0.2735331552103162,0.2811751812696457,-0.025666703470051292,-0.024379774928093012,-0.4549611657857895,-0.44828492403030396,16,0,0.0,0,0.0,16,100.0
pair_24,7,0.682565052062273,0.6823986172676086,0.26176836527884007,0.265485942363739,0.270052982494235,0.27774083614349365,-0.008284617215394958,-0.008962824940681458,-0.42079668678343296,-0.41628947854042053,16,3,18.75,0,0.0,16,100.0
pair_24,8,0.6456055864691734,0.6455731689929962,0.23625718429684636,0.2347837164998054,0.23777954094111917,0.2409751862287521,-0.0015223566442727939,-0.0018663406372070035,-0.40934840217232704,-0.40764982253313065,16,6,37.5,0,0.0,16,100.0
pair_24,9,0.6068990062922239,0.6091073155403137,0.2244525998830795,0.22013036906719205,0.21328503452241415,0.21494381129741666,0.011167565360665335,0.009308665990829496,-0.3824464064091444,-0.3879576101899147,16,13,81.25,0,0.0,16,100.0
pair_24,10,0.5496857725083828,0.549566775560379,0.21682490594685072,0.2128882780671119,0.18508678860962388,0.18548992276191711,0.031738117337226854,0.029940798878669753,-0.3328608665615321,-0.3423294872045517,16,16,100.0,0,0.0,16,100.0
pair_24,11,0.48468183539807796,0.49004207551479334,0.22791221272200343,0.22158557921648026,0.16116685327142471,0.16210359334945676,0.06674535945057872,0.061923772096633946,-0.2567696226760745,-0.2651248797774315,16,16,100.0,0,0.0,16,100.0
pair_24,12,0.3647641390562057,0.36765918135643,0.2110574776306748,0.1995045319199562,0.1052484074607491,0.10086537525057784,0.1058090701699257,0.09783548861742024,-0.1537066614255309,-0.16835815459489822,16,16,100.0,1,6.25,16,100.0
pair_24,13,0.19337157160043714,0.20174690335988996,0.16405956726521248,0.1338148340582847,0.03789529320783909,0.03613861650228495,0.1261642740573734,0.10097542218863964,-0.029312004335224642,-0.07137110084295276,16,16,100.0,2,12.5,16,100.0
pair_24,14,0.16354826325550673,0.16321527212858195,0.2130983984097838,0.18074102699756617,0.033781567588448476,0.03327062726020805,0.17931683082133532,0.14942358527332544,0.049550135154277086,0.012456826865673051,16,16,100.0,12,75.0,16,100.0
pair_24,15,0.1509814979508519,0.15001406520605082,0.25060237664729357,0.22838637977838516,0.03196285967715081,0.03137570619583125,0.21863951697014272,0.1961202286183834,0.09962087869644168,0.07704397290945053,16,16,100.0,14,87.5,16,100.0
pair_24,16,0.14803580474108455,0.14699373394250864,0.3031914606690407,0.282007098197937,0.038137927767820615,0.03699590452015395,0.26505353290122,0.24290017411112785,0.15515565592795613,0.1403306052088738,16,16,100.0,16,100.0,16,100.0
pair_24,17,0.15695767709985373,0.1555168181657791,0.3937852419912815,0.37528036534786224,0.05221669911406929,0.0511182695627212,0.34156854287721217,0.32476312667131424,0.23682756489142778,0.22401751577854162,16,16,100.0,16,100.0,16,100.0
pair_24,18,0.16947108972817654,0.16851834952831263,0.4468501452356577,0.43712078034877777,0.06725222268141803,0.06872606649994845,0.37959792255423963,0.3650301694869995,0.2773790555074811,0.2675767317414284,16,16,100.0,16,100.0,16,100.0
pair_24,19,0.18921793997287745,0.18953088670969004,0.531007157638669,0.5337601900100708,0.09339422686025495,0.09600822627544395,0.43761293077841407,0.42862824350595485,0.34178921766579157,0.33613221347332006,16,16,100.0,16,100.0,16,100.0
pair_24,20,0.229974758811295,0.230281688272953,0.6692463979125023,0.6732778251171112,0.1470131436362862,0.1421782523393631,0.522233254276216,0.5124879479408264,0.43927163910120726,0.4287453964352609,16,16,100.0,16,100.0,16,100.0
pair_24,21,0.3545142691582441,0.3419082462787628,0.9106211550533772,0.913710743188858,0.3187003908678889,0.3068178594112396,0.5919207641854882,0.5994315147399902,0.556106885895133,0.564341127872467,16,16,100.0,16,100.0,16,100.0
pair_24,22,0.33622205536812544,0.32644668221473694,0.8981926999986172,0.8988515138626099,0.2973248343914747,0.2880612164735794,0.6008678656071424,0.6024868786334991,0.5619706446304917,0.5618326365947723,16,16,100.0,16,100.0,16,100.0
pair_24,23,0.3414670452475548,0.32944339513778687,0.8990270383656025,0.9000191986560822,0.3034639162942767,0.29163001477718353,0.5955631220713258,0.5977320224046707,0.5575599931180477,0.5611457228660585,16,16,100.0,16,100.0,16,100.0
pair_24,24,0.4093543626368046,0.4014444202184677,0.9021649397909641,0.9037008285522461,0.37038549780845637,0.36146397888660425,0.5317794419825077,0.5321478247642517,0.4928105771541596,0.5002551823854448,16,16,100.0,16,100.0,16,100.0
